{
    "radius": 0.2,
    "ball_number": 2,
    "first_quarter_probability": 0.8891367955821659,
    "x_velocity_distribution": {
        "0.0": 0.004950455403145971,
        "1.0": 0.005085180125532957,
        "2.0": 0.004942576009027461,
        "3.0": 0.00495807645647371,
        "4.0": 0.0049113167733441905,
        "5.0": 0.004894007940362545,
        "6.0": 0.004965051657824522,
        "7.0": 0.005028861833144917,
        "8.0": 0.004960014012404491,
        "9.0": 0.004852027561862286,
        "10.0": 0.004969443451267626,
        "11.0": 0.0049065374687149305,
        "12.0": 0.004923200449719649,
        "13.0": 0.005042037213474229,
        "14.0": 0.004882770115964014,
        "15.0": 0.004980810446061543,
        "16.0": 0.004928496435930451,
        "17.0": 0.00499243578164623,
        "18.0": 0.004954201344612148,
        "19.0": 0.0049168711003457636,
        "20.0": 0.004818830770248235,
        "21.0": 0.004891166191664066,
        "22.0": 0.004895428814711784,
        "23.0": 0.0048518983914669,
        "24.0": 0.004817797407085152,
        "25.0": 0.004873082336310108,
        "26.0": 0.004833685365717557,
        "27.0": 0.004762124966674038,
        "28.0": 0.004824255926854422,
        "29.0": 0.00488625771663942,
        "30.0": 0.004755666446904767,
        "31.0": 0.004721565462523018,
        "32.0": 0.004706452526262925,
        "33.0": 0.004688497841304352,
        "34.0": 0.004716915328289144,
        "35.0": 0.004648455018734874,
        "36.0": 0.004664084636576509,
        "37.0": 0.004729186515850758,
        "38.0": 0.004617970805423917,
        "39.0": 0.004585807376972948,
        "40.0": 0.004732286605340008,
        "41.0": 0.0045984660757207195,
        "42.0": 0.00457844466443598,
        "43.0": 0.004513859466743274,
        "44.0": 0.004501459108786274,
        "45.0": 0.004401093711571808,
        "46.0": 0.004484408616595399,
        "47.0": 0.004363634296910037,
        "48.0": 0.004428607005788901,
        "49.0": 0.004349038042231486,
        "50.0": 0.00440496882343337,
        "51.0": 0.0043861099457070995,
        "52.0": 0.004268177374720217,
        "53.0": 0.004273344190535633,
        "54.0": 0.0042853570373064765,
        "55.0": 0.0041932585453966775,
        "56.0": 0.004205917244144448,
        "57.0": 0.004135519378659397,
        "58.0": 0.004125960769400877,
        "59.0": 0.004020299385975609,
        "60.0": 0.004116660500933127,
        "61.0": 0.004120664783190075,
        "62.0": 0.004004411427343203,
        "63.0": 0.0039796107114292035,
        "64.0": 0.003925875826948871,
        "65.0": 0.0038558654726499773,
        "66.0": 0.0038832495964716846,
        "67.0": 0.003755112564249355,
        "68.0": 0.003789988571003416,
        "69.0": 0.0037442622510369798,
        "70.0": 0.0037146822304937204,
        "71.0": 0.003730570189126126,
        "72.0": 0.0036181919451408165,
        "73.0": 0.0036154793668377225,
        "74.0": 0.003582799256805213,
        "75.0": 0.003458149825258289,
        "76.0": 0.003418752854665738,
        "77.0": 0.0033855560630516868,
        "78.0": 0.003471325205587601,
        "79.0": 0.003351196737879167,
        "80.0": 0.0033164499015204906,
        "81.0": 0.003243210287336961,
        "82.0": 0.00324747291038468,
        "83.0": 0.0032319724629384303,
        "84.0": 0.0031602828934995256,
        "85.0": 0.003157957826382588,
        "86.0": 0.0031367738815393804,
        "87.0": 0.0030167745842263312,
        "88.0": 0.002975052546516843,
        "89.0": 0.0029771192728430093,
        "90.0": 0.0029180884021518753,
        "91.0": 0.0029012962507517716,
        "92.0": 0.002780780271857181,
        "93.0": 0.0027736759001109833,
        "94.0": 0.002722653593933745,
        "95.0": 0.0027041822273936307,
        "96.0": 0.0026362385994209035,
        "97.0": 0.0026441179935394136,
        "98.0": 0.002542202551580322,
        "99.0": 0.002568553312238947,
        "100.0": 0.0024342161010381166,
        "101.0": 0.002456820920230564,
        "102.0": 0.0024355078049919706,
        "103.0": 0.002381902090907024,
        "104.0": 0.0023509011960145248,
        "105.0": 0.0022939370516495577,
        "106.0": 0.002232839454632257,
        "107.0": 0.002186079771502737,
        "108.0": 0.002208426249904414,
        "109.0": 0.0021155527356223015,
        "110.0": 0.0020412797582756888,
        "111.0": 0.001999686890961586,
        "112.0": 0.001956285638112087,
        "113.0": 0.0019011298792825154,
        "114.0": 0.0018858877726270365,
        "115.0": 0.0018061896386742365,
        "116.0": 0.0018008936524634344,
        "117.0": 0.001775447084572508,
        "118.0": 0.0017585257627770188,
        "119.0": 0.0016828319110811665,
        "120.0": 0.0016502809714440425,
        "121.0": 0.0016257385963208137,
        "122.0": 0.0015639951473265861,
        "123.0": 0.0015163312714293687,
        "124.0": 0.001525244028710962,
        "125.0": 0.0015257607102925038,
        "126.0": 0.0014390873749888914,
        "127.0": 0.001401498789931736,
        "128.0": 0.0013445346455667688,
        "129.0": 0.0013316176060282274,
        "130.0": 0.00127155337217401,
        "131.0": 0.0012370648766061047,
        "132.0": 0.0011795840506595957,
        "133.0": 0.0011755797684026479,
        "134.0": 0.0011175822608745973,
        "135.0": 0.0010851604916328585,
        "136.0": 0.0010354298894094743,
        "137.0": 0.0010413717275972033,
        "138.0": 0.0009780782338583507,
        "139.0": 0.0009787240858352777,
        "140.0": 0.0009062594940240608,
        "141.0": 0.000881975459691603,
        "142.0": 0.0008450327266113748,
        "143.0": 0.000826948871257417,
        "144.0": 0.0008030523481111155,
        "145.0": 0.0007686930229385954,
        "146.0": 0.0007364004240922421,
        "147.0": 0.0007020410989197222,
        "148.0": 0.0006842155843565351,
        "149.0": 0.0006493395776024734,
        "150.0": 0.0006241513505023178,
        "151.0": 0.0005816542904205168,
        "152.0": 0.0005971547378667664,
        "153.0": 0.0005372196744079346,
        "154.0": 0.0005139690032385601,
        "155.0": 0.0004900724800922586,
        "156.0": 0.0004709552615752175,
        "157.0": 0.00043349584691344757,
        "158.0": 0.00042096631856106245,
        "159.0": 0.00039706979541476097,
        "160.0": 0.00037356078345461574,
        "161.0": 0.00033765141353747077,
        "162.0": 0.00033829726551439784,
        "163.0": 0.0002968335685956801,
        "164.0": 0.0002839165290571388,
        "165.0": 0.00027009529675089955,
        "166.0": 0.00024826549993076466,
        "167.0": 0.00022333561362137988,
        "168.0": 0.00021971884255058828,
        "169.0": 0.00020396005431356785,
        "170.0": 0.00018768458449500575,
        "171.0": 0.0001813552351211205,
        "172.0": 0.0001662422988610271,
        "173.0": 0.00014544586520397556,
        "174.0": 0.000130591269734653,
        "175.0": 0.00011767423019611166,
        "176.0": 0.00011199073279915347,
        "177.0": 9.829867088829964e-05,
        "178.0": 7.595219248662311e-05,
        "179.0": 6.781445757734206e-05,
        "180.0": 7.38854661604565e-05,
        "181.0": 6.200178978499846e-05,
        "182.0": 4.9472261432613354e-05,
        "183.0": 4.740553510644674e-05,
        "184.0": 4.31429120587281e-05,
        "185.0": 3.229259884635337e-05,
        "186.0": 3.0742554101728406e-05,
        "187.0": 1.7438003377030817e-05,
        "188.0": 1.950472970319743e-05,
        "189.0": 1.5500447446249615e-05,
        "190.0": 1.0979483607760143e-05,
        "191.0": 1.007529084006225e-05,
        "192.0": 5.425156606187365e-06,
        "193.0": 2.3250671169374424e-06,
        "194.0": 1.679215140010375e-06,
        "195.0": 1.679215140010375e-06,
        "196.0": 1.1625335584687212e-06,
        "197.0": 1.2917039538541345e-07,
        "-8.0": 0.00497215602957072,
        "-197.0": 1.0333631630833076e-06,
        "-196.0": 1.679215140010375e-06,