{
    "radius": 0.23,
    "ball_number": 2,
    "first_quarter_probability": 0.0,
    "x_velocity_distribution": {
        "0.0": 0.00515393876293997,
        "1.0": 0.004930400046464503,
        "2.0": 0.005031324102098575,
        "3.0": 0.00516075068854227,
        "4.0": 0.005086895074117336,
        "5.0": 0.005121851008129137,
        "6.0": 0.005006944578890345,
        "7.0": 0.004959619622074368,
        "8.0": 0.005058213282107653,
        "9.0": 0.005059288849308016,
        "10.0": 0.005044410169702993,
        "11.0": 0.004995471862086471,
        "12.0": 0.004947071338070131,
        "13.0": 0.0050773942305141284,
        "14.0": 0.004969299726877635,
        "15.0": 0.005094782566919999,
        "16.0": 0.0051342200309333124,
        "17.0": 0.005041362729301964,
        "18.0": 0.004907096090456636,
        "19.0": 0.004945278726069526,
        "20.0": 0.005051939140105535,
        "21.0": 0.004968403420877333,
        "22.0": 0.004885584746449374,
        "23.0": 0.00492932447926414,
        "24.0": 0.00487052680564429,
        "25.0": 0.004864073402442111,
        "26.0": 0.00484632654363612,
        "27.0": 0.0048434583644351515,
        "28.0": 0.004819616624827103,
        "29.0": 0.004826966334029584,
        "30.0": 0.004907096090456636,
        "31.0": 0.004655234104371607,
        "32.0": 0.004788425176016573,
        "33.0": 0.004807247602022927,
        "34.0": 0.004650035529569852,
        "35.0": 0.0046957471355852844,
        "36.0": 0.004644119909967855,
        "37.0": 0.004650214790769913,
        "38.0": 0.004534412055530818,
        "39.0": 0.004636411678365253,
        "40.0": 0.004645195477168218,
        "41.0": 0.004645374738368279,
        "42.0": 0.004576179915144919,
        "43.0": 0.004594464557551092,
        "44.0": 0.004564707198341045,
        "45.0": 0.004488879710715446,
        "46.0": 0.004491568628716354,
        "47.0": 0.00443510135069729,
        "48.0": 0.004434742828297169,
        "49.0": 0.004332922466662795,
        "50.0": 0.004333280989062916,
        "51.0": 0.004188258678213956,
        "52.0": 0.004304419935853172,
        "53.0": 0.004327723891861039,
        "54.0": 0.004163879155005726,
        "55.0": 0.004173021476208812,
        "56.0": 0.004226082791426725,
        "57.0": 0.004181267491411596,
        "58.0": 0.004063672144171896,
        "59.0": 0.004083749398578674,
        "60.0": 0.004057398002169778,
        "61.0": 0.003994298059748475,
        "62.0": 0.003944642707331711,
        "63.0": 0.0039294055053265674,
        "64.0": 0.003839774905296308,
        "65.0": 0.003856446196901936,
        "66.0": 0.0038257925316915876,
        "67.0": 0.0037331144912602994,
        "68.0": 0.003744049424463991,
        "69.0": 0.0037562391860681064,
        "70.0": 0.0035972345016144266,
        "71.0": 0.0035927529716129132,
        "72.0": 0.0035911396208123687,
        "73.0": 0.003521407013988827,
        "74.0": 0.0035002541923816856,
        "75.0": 0.0035097550359848933,
        "76.0": 0.0033835551511422883,
        "77.0": 0.0033552318815327263,
        "78.0": 0.003282810356708277,
        "79.0": 0.0033089824919171123,
        "80.0": 0.003337126500326614,
        "81.0": 0.003168800233469787,
        "82.0": 0.003251081124297565,
        "83.0": 0.0031876226594761414,
        "84.0": 0.003181707039874144,
        "85.0": 0.003046006311428332,
        "86.0": 0.0030044177130142914,
        "87.0": 0.002992586473810297,
        "88.0": 0.003004596974214352,
        "89.0": 0.0029284109641886315,
        "90.0": 0.0028814445297727755,
        "91.0": 0.002863518409766724,
        "92.0": 0.0028495360361620032,
        "93.0": 0.002810098572148689,
        "94.0": 0.002766000316933802,
        "95.0": 0.00268945578450796,
        "96.0": 0.002636752991690168,
        "97.0": 0.0025951643932761274,
        "98.0": 0.002515213898049136,
        "99.0": 0.002509298278447139,
        "100.0": 0.002474700866835459,
        "101.0": 0.002500693740844234,
        "102.0": 0.0025021278304447185,
        "103.0": 0.0023171302719822632,
        "104.0": 0.0023375660487891625,
        "105.0": 0.0022762587183684647,
        "106.0": 0.0022007897531429866,
        "107.0": 0.002202940887543713,
        "108.0": 0.002129085273118779,
        "109.0": 0.002057560054294632,
        "110.0": 0.0020444739866902146,
        "111.0": 0.002033718314686583,
        "112.0": 0.002028699001084889,
        "113.0": 0.001871128406231693,
        "114.0": 0.0019297468186514825,
        "115.0": 0.0018316909422183788,
        "116.0": 0.001799244665007425,
        "117.0": 0.0017442114765888457,
        "118.0": 0.0017651850369959266,
        "119.0": 0.001688281982169964,
        "120.0": 0.0016414948089541687,
        "121.0": 0.001614605628945091,
        "122.0": 0.0015733755529311717,
        "123.0": 0.0014762159824983705,
        "124.0": 0.0015500715969233043,
        "125.0": 0.0014337310780840277,
        "126.0": 0.0013969825320716213,
        "127.0": 0.0013720652252632091,
        "128.0": 0.0013295803208488663,
        "129.0": 0.0012752641772305292,
        "130.0": 0.0012584136244248405,
        "131.0": 0.0012211272948122525,
        "132.0": 0.0011730852931960336,
        "133.0": 0.0011499605983882268,
        "134.0": 0.0011151839255764862,
        "135.0": 0.0010879362231672872,
        "136.0": 0.001046347624753247,
        "137.0": 0.0010407905275513708,
        "138.0": 0.00097822836873025,
        "139.0": 0.0009608400323243796,
        "140.0": 0.0009160247323092499,
        "141.0": 0.0008995327019036823,
        "142.0": 0.0008661901186924258,
        "143.0": 0.0008202992514769331,
        "144.0": 0.0007692098094596852,
        "145.0": 0.0007753046902617428,
        "146.0": 0.0007503873834533308,
        "147.0": 0.0007281589946458264,
        "148.0": 0.0006716917166267631,
        "149.0": 0.0006593226938225873,
        "150.0": 0.0006116392146064893,
        "151.0": 0.0006026761546034635,
        "152.0": 0.0005519452349863367,
        "153.0": 0.000535094682180648,
        "154.0": 0.0005101773753722359,
        "155.0": 0.0004820333669627345,
        "156.0": 0.0004689472993583166,
        "157.0": 0.00042682091734409474,
        "158.0": 0.0004110459317387691,
        "159.0": 0.00037393886332624175,
        "160.0": 0.0003357562277133513,
        "161.0": 0.0003233872049091755,
        "162.0": 0.0003223116377088124,
        "163.0": 0.0002988284205008845,
        "164.0": 0.0002864593976967087,
        "165.0": 0.00025795686688708625,
        "166.0": 0.0002482767620838182,
        "167.0": 0.00022837876887710066,
        "168.0": 0.00020758446967008052,
        "169.0": 0.00019844214846699408,
        "170.0": 0.00017047740125755316,
        "171.0": 0.00017011887885743214,
        "172.0": 0.00015022088565071456,
        "173.0": 0.00014914531845035145,
        "174.0": 0.00013265328804478376,
        "175.0": 0.00011150046643764255,
        "176.0": 0.00011203825003782412,
        "177.0": 0.000101282578034193,
        "178.0": 8.514907002874633e-05,
        "179.0": 7.403487562499417e-05,
        "180.0": 8.192236842765699e-05,
        "181.0": 5.682580041918439e-05,
        "182.0": 5.413688241827661e-05,
        "183.0": 4.5711606015432237e-05,
        "184.0": 4.804200161621898e-05,
        "185.0": 3.7465590812648385e-05,
        "186.0": 2.9936620410106602e-05,
        "187.0": 2.5813612808714677e-05,
        "188.0": 1.9180948406475488e-05,
        "189.0": 1.2189761604115263e-05,
        "190.0": 1.2369022804175782e-05,
        "191.0": 9.142321203086447e-06,
        "192.0": 8.066754002723336e-06,
        "193.0": 3.5852240012103718e-06,
        "194.0": 3.405962801149853e-06,
        "195.0": 2.3303956007867414e-06,
        "196.0": 1.6133508005446673e-06,
        "-197.0": 1.7926120006051859e-06,
        "-196.0": 1.7926120006051859e-06,
        "-195.0": 3.2267016010893346e-06,
        "-194.0": 3.405962801149853e-06,