{
    "radius": 0.23,
    "ball_number": 2,
    "first_quarter_probability": 0.0,
    "x_velocity_distribution": {
        "0.0": 0.010063673002170129,
        "1.0": 0.009783060661215913,
        "2.0": 0.009935649224891336,
        "3.0": 0.009881499111812632,
        "4.0": 0.01010993369480028,
        "5.0": 0.010019743274672505,
        "6.0": 0.01033352704251268,
        "7.0": 0.009968282736746714,
        "8.0": 0.009948738490635527,
        "9.0": 0.010017770919560366,
        "10.0": 0.01001759161455017,
        "11.0": 0.01003516350554922,
        "12.0": 0.009697532171353192,
        "13.0": 0.009811211547816433,
        "14.0": 0.009561439668615652,
        "15.0": 0.009476449093783514,
        "16.0": 0.009432340061275694,
        "17.0": 0.009419788710562087,
        "18.0": 0.009450629172315522,
        "19.0": 0.009237435515194396,
        "20.0": 0.009345735741351805,
        "21.0": 0.00903894486890921,
        "22.0": 0.009026034908175214,
        "23.0": 0.009031414058481046,
        "24.0": 0.008721037085834564,
        "25.0": 0.008856053758510937,
        "26.0": 0.008538863195477068,
        "27.0": 0.008421777023820133,
        "28.0": 0.008317600812897194,
        "29.0": 0.008118572251581425,
        "30.0": 0.008001127469904102,
        "31.0": 0.007824870644883021,
        "32.0": 0.0077043776780323925,
        "33.0": 0.007673357911268764,
        "34.0": 0.007602353127231787,
        "35.0": 0.007230833146109019,
        "36.0": 0.007129884425369579,
        "37.0": 0.007204654614620638,
        "38.0": 0.006913642583075149,
        "39.0": 0.006753164598951173,
        "40.0": 0.006596989935071863,
        "41.0": 0.006436870560968276,
        "42.0": 0.006273703001691384,
        "43.0": 0.006147292969504342,
        "44.0": 0.005853053447775354,
        "45.0": 0.005794062099421401,
        "46.0": 0.005476512926367142,
        "47.0": 0.005473823351214227,
        "48.0": 0.005194286840321178,
        "49.0": 0.005099613794938542,
        "50.0": 0.0048227668591984095,
        "51.0": 0.004776147556547869,
        "52.0": 0.00457873274032385,
        "53.0": 0.004373428503651277,
        "54.0": 0.004224067430159354,
        "55.0": 0.004032390374261554,
        "56.0": 0.0038823120807288535,
        "57.0": 0.003705338035666994,
        "58.0": 0.003575879818306647,
        "59.0": 0.0034006988233467317,
        "60.0": 0.0032280280985295374,
        "61.0": 0.0031658092599920855,
        "62.0": 0.002972877069022926,
        "63.0": 0.0028159851851028376,
        "64.0": 0.0026784582422837433,
        "65.0": 0.0024640094500912573,
        "66.0": 0.0024019699165639995,
        "67.0": 0.0022357541721138036,
        "68.0": 0.0020562698569092227,
        "69.0": 0.0019355975850484006,
        "70.0": 0.0017708162806797597,
        "71.0": 0.001651219838880104,
        "72.0": 0.0014970175301129316,
        "73.0": 0.001384413983710857,
        "74.0": 0.0012578246465136203,
        "75.0": 0.0011283664291532733,
        "76.0": 0.0010227557781487798,
        "77.0": 0.0009587438895093839,
        "78.0": 0.0008762635848199661,
        "79.0": 0.000777825134223248,
        "80.0": 0.0006917587293299426,
        "81.0": 0.0005897341785293367,
        "82.0": 0.00054203904581763,
        "83.0": 0.00045166932067965923,
        "84.0": 0.0003959054625092051,
        "85.0": 0.00033476245403291934,
        "86.0": 0.0002825846960663529,
        "87.0": 0.0002235933477123998,
        "88.0": 0.00019293219096915972,
        "89.0": 0.00015545744383853297,
        "90.0": 0.00011798269670790622,
        "91.0": 0.00011063119128993638,
        "92.0": 7.082547902678261e-05,
        "93.0": 5.0564012874816955e-05,
        "94.0": 3.424725694712779e-05,
        "95.0": 2.707505653935234e-05,
        "96.0": 1.6854670958272318e-05,
        "97.0": 5.91706533641475e-06,
        "98.0": 2.3309651325270226e-06,
        "-9.0": 0.010031577405345334,
        "-99.0": 2.510270142721409e-06,
        "-98.0": 5.37915030583159e-06,
        "-97.0": 1.810980602963302e-05,
        "-96.0": 3.048185173304568e-05,
        "-95.0": 3.263351185537832e-05,
        "-94.0": 5.235706297676082e-05,
        "-93.0": 7.315644415930963e-05,
        "-92.0": 0.00010883814118799252,
        "-91.0": 0.00012407906705451534,
        "-90.0": 0.00015474022379775542,
        "-89.0": 0.0001932908009895485,
        "-88.0": 0.0002275380579366763,
        "-87.0": 0.00027935720588285394,
        "-86.0": 0.00034247256947127794,
        "-85.0": 0.0003942917174174556,
        "-84.0": 0.00044126963008838483,
        "-83.0": 0.0005590730217860967,
        "-82.0": 0.0006006717841511943,
        "-81.0": 0.0006833313938508064,
        "-80.0": 0.0007792595743048031,
        "-79.0": 0.0008721395695854953,
        "-78.0": 0.0009634058197744379,
        "-77.0": 0.0010369208739541363,
        "-76.0": 0.0011606413309882629,
        "-75.0": 0.0012603349166563417,
        "-74.0": 0.0013788555283948312,
        "-73.0": 0.0014670735934104691,
        "-72.0": 0.0016209172921572527,
        "-71.0": 0.0017613131151394572,
        "-70.0": 0.001949224765823174,
        "-69.0": 0.002034573950675702,
        "-68.0": 0.0022565535532963524,
        "-67.0": 0.0023777637401877576,
        "-66.0": 0.002527842033720459,
        "-65.0": 0.0026664448066007194,
        "-64.0": 0.002799489124164954,
        "-63.0": 0.0029750287291452583,
        "-62.0": 0.003154513044349839,
        "-61.0": 0.0032436276344164493,
        "-60.0": 0.0034643521019657388,
        "-59.0": 0.0035362534110536877,
        "-58.0": 0.0037802875299282473,
        "-57.0": 0.0038753191853312724,
        "-56.0": 0.004008184197885313,
        "-55.0": 0.004282520863482723,
        "-54.0": 0.0043398984667449274,
        "-53.0": 0.0045927185311190125,
        "-52.0": 0.004705322077521086,
        "-51.0": 0.004811291338545969,
        "-50.0": 0.005141391862313834,
        "-49.0": 0.005254533323746492,
        "-48.0": 0.0054736440462040325,
        "-47.0": 0.005465037405714702,
        "-46.0": 0.005810199550338895,
        "-45.0": 0.005824902561174835,
        "-44.0": 0.0061736508060029165,
        "-43.0": 0.006213277213255876,
        "-42.0": 0.006280337287068577,
        "-41.0": 0.006554136037635405,
        "-40.0": 0.00674527517850262,
        "-39.0": 0.006892305286862017,
        "-38.0": 0.007131318865451134,
        "-37.0": 0.007205192529651221,
        "-36.0": 0.00737929769454997,
        "-35.0": 0.007457474678994723,
        "-34.0": 0.007688598837135287,
        "-33.0": 0.007788113117793171,
        "-32.0": 0.007902689019307385,
        "-31.0": 0.008018520055892958,
        "-30.0": 0.008169674179486825,
        "-29.0": 0.008315628457785057,
        "-28.0": 0.008361889150415207,
        "-27.0": 0.008731436776425837,
        "-26.0": 0.008682127898622381,
        "-25.0": 0.008844936847878885,
        "-24.0": 0.008912893446742558,
        "-23.0": 0.009068709500601478,
        "-22.0": 0.00898784294100381,
        "-21.0": 0.009284054817844938,
        "-20.0": 0.009138817759587484,
        "-19.0": 0.009385003538584376,
        "-18.0": 0.009459773727835435,
        "-17.0": 0.009419968015572282,
        "-16.0": 0.00954906762291224,
        "-15.0": 0.00961935518690844,
        "-14.0": 0.009723352092821182,
        "-13.0": 0.009925070229289868,
        "-12.0": 0.01004251501096719,
        "-11.0": 0.009855320580324251,
        "-1.0": 0.0100805276731284,
        "-10.0": 0.00999051655801082,
        "-8.0": 0.01008214141822015,
        "-7.0": 0.00992560814432045,
        "-6.0": 0.010141132766574103,
        "-5.0": 0.010009881499111813,
        "-4.0": 0.009903732933076736,
        "-3.0": 0.009983165052592849,
        "-2.0": 0.010018129529580755
    }
}