{
    "radius": 0.16,
    "ball_number": 2,
    "first_quarter_probability": 0.25168969005813685,
    "x_velocity_distribution": {
        "0.0": 0.010035509812033439,
        "1.0": 0.009979154388041991,
        "2.0": 0.00997891859128889,
        "3.0": 0.009780967217059518,
        "4.0": 0.009948618708515246,
        "5.0": 0.01005425565390507,
        "6.0": 0.009780613521929864,
        "7.0": 0.009910655431265777,
        "8.0": 0.009809970217691099,
        "9.0": 0.00978839481478224,
        "10.0": 0.009830248738457897,
        "11.0": 0.009781320912189171,
        "12.0": 0.009697259369708205,
        "13.0": 0.009639489165198144,
        "14.0": 0.009539393443506222,
        "15.0": 0.009661182466483554,
        "16.0": 0.009422438253967486,
        "17.0": 0.00943811873804879,
        "18.0": 0.009208688497280262,
        "19.0": 0.009239342075183558,
        "20.0": 0.009237927294664945,
        "21.0": 0.009062494510356843,
        "22.0": 0.008983502598067575,
        "23.0": 0.008897436783185239,
        "24.0": 0.008823986094593877,
        "25.0": 0.008781778475788567,
        "26.0": 0.008595027447331554,
        "27.0": 0.008346143974432086,
        "28.0": 0.00845873692403843,
        "29.0": 0.008247934626764982,
        "30.0": 0.008040551382411519,
        "31.0": 0.00802734676423779,
        "32.0": 0.007864175411091006,
        "33.0": 0.007631326117402496,
        "34.0": 0.0075611765833545645,
        "35.0": 0.007304276020849621,
        "36.0": 0.007209249929349398,
        "37.0": 0.007051973495030171,
        "38.0": 0.006892928585062677,
        "39.0": 0.006704762776087049,
        "40.0": 0.006620465436852981,
        "41.0": 0.006482524336288141,
        "42.0": 0.00628150760426844,
        "43.0": 0.006109258076127218,
        "44.0": 0.006043942375517883,
        "45.0": 0.005811918370465231,
        "46.0": 0.005649926001083958,
        "47.0": 0.005474021623269649,
        "48.0": 0.005335137335692401,
        "49.0": 0.0050805947407184795,
        "50.0": 0.0049843896654527455,
        "51.0": 0.004816856072373569,
        "52.0": 0.00456254927415275,
        "53.0": 0.004404093856068011,
        "54.0": 0.004237739246754346,
        "55.0": 0.004014911315072683,
        "56.0": 0.0039396921508330525,
        "57.0": 0.0037536485126353457,
        "58.0": 0.0036041533711684945,
        "59.0": 0.003419642411865953,
        "60.0": 0.0032787538518873347,
        "61.0": 0.003140930649699047,
        "62.0": 0.0029620788124709602,
        "63.0": 0.0029011253517940185,
        "64.0": 0.0026184050448243732,
        "65.0": 0.002504161517946314,
        "66.0": 0.0023428765388243482,
        "67.0": 0.0021980973324195424,
        "68.0": 0.0020207781740866205,
        "69.0": 0.0019087747163630331,
        "70.0": 0.0018057315352573327,
        "71.0": 0.0017187225333625878,
        "72.0": 0.0015695810870253897,
        "73.0": 0.0014090034981627307,
        "74.0": 0.001309968861859769,
        "75.0": 0.0011717919645418274,
        "76.0": 0.0010992844629628734,
        "77.0": 0.0009819755782944845,
        "78.0": 0.0008765744296577611,
        "79.0": 0.0007876790537381979,
        "80.0": 0.0007275508816971141,
        "81.0": 0.0006179053915045496,
        "82.0": 0.0005630826464082672,
        "83.0": 0.0004910467383355178,
        "84.0": 0.0004145306919538249,
        "85.0": 0.0003448527514120983,
        "86.0": 0.0002862572582661794,
        "87.0": 0.00025631107062218866,
        "88.0": 0.00020537897195209412,
        "89.0": 0.0001563332473068179,
        "90.0": 0.00013133879147797522,
        "91.0": 0.00010575484376637683,
        "92.0": 6.82631600231128e-05,
        "93.0": 4.939941977492964e-05,
        "94.0": 3.265785030466709e-05,
        "95.0": 1.968902888404117e-05,
        "96.0": 9.313971747540433e-06,
        "97.0": 2.3579675310228946e-06,
        "98.0": 1.5326788951648815e-06,
        "-74.0": 0.0014016937988165596,
        "-99.0": 1.8863740248183156e-06,
        "-98.0": 2.593764284125184e-06,
        "-97.0": 9.078174994438143e-06,
        "-96.0": 1.8981638624734302e-05,
        "-95.0": 2.9828289267439615e-05,
        "-94.0": 4.7513045750111325e-05,
        "-93.0": 6.897055028241966e-05,
        "-92.0": 0.00010705172590843941,
        "-91.0": 0.00012874502719385005,
        "-90.0": 0.00015303209276338586,
        "-89.0": 0.00020997700863758877,
        "-88.0": 0.0002499445582884268,
        "-87.0": 0.00028826153066754885,
        "-86.0": 0.0003415515968686663,
        "-85.0": 0.0004198361188986264,
        "-84.0": 0.00048597710814381857,
        "-83.0": 0.0005649690204330856,
        "-82.0": 0.0006162548142328335,
        "-81.0": 0.000730734137863995,
        "-80.0": 0.0007896833261395674,
        "-79.0": 0.0008832946371211763,
        "-78.0": 0.0009843335458255074,
        "-77.0": 0.0011023498207532031,
        "-76.0": 0.0011994980830313466,
        "-75.0": 0.0013028949592667003,
        "-3.0": 0.009930698155279472,
        "-73.0": 0.0015954008314900904,
        "-72.0": 0.0017016272687626719,
        "-71.0": 0.0017748421606009327,
        "-70.0": 0.0019025261024058224,
        "-69.0": 0.002052846532508532,
        "-68.0": 0.0021884296655423486,
        "-67.0": 0.0023716437427028273,
        "-66.0": 0.0025223178679351903,
        "-65.0": 0.002629605390596732,
        "-64.0": 0.002889335514138904,
        "-63.0": 0.002959485048186835,
        "-62.0": 0.0031164077873764087,
        "-61.0": 0.0033055167833644446,
        "-60.0": 0.00340903155797635,
        "-59.0": 0.0035422567234791435,
        "-58.0": 0.0038005720665027017,
        "-57.0": 0.003928020211554489,
        "-56.0": 0.003996165473201051,
        "-55.0": 0.00428242273146723,
        "-54.0": 0.0044358085193602695,
        "-53.0": 0.004610180218279412,
        "-52.0": 0.004811432747052216,
        "-51.0": 0.004975193592081756,
        "-50.0": 0.005062320492353052,
        "-49.0": 0.005262276138983794,
        "-48.0": 0.005423914813235413,
        "-47.0": 0.005651458679979122,
        "-46.0": 0.005783151166586752,
        "-45.0": 0.005949152080770763,
        "-44.0": 0.006080019278742533,
        "-43.0": 0.006288463608484958,
        "-42.0": 0.00654111982943406,
        "-41.0": 0.0066014837982282465,
        "-40.0": 0.006671987027405831,
        "-39.0": 0.006879723966888948,
        "-38.0": 0.0070226167992689355,
        "-37.0": 0.007209839421232153,
        "-36.0": 0.007334458005246714,
        "-35.0": 0.007488786980152162,
        "-34.0": 0.007757595278688772,
        "-33.0": 0.007824561556569822,
        "-32.0": 0.007985610738938685,
        "-31.0": 0.008065899533370016,
        "-30.0": 0.008209028162503105,
        "-29.0": 0.008443881728592985,
        "-28.0": 0.008372553210779543,
        "-27.0": 0.008595263244084656,
        "-26.0": 0.008713751112518556,
        "-25.0": 0.00869052513233798,
        "-24.0": 0.00897371703281383,
        "-23.0": 0.008973952829566933,
        "-22.0": 0.009189824757032079,
        "-21.0": 0.009045281347380375,
        "-20.0": 0.009323285719287974,
        "-19.0": 0.009352996110178863,
        "-18.0": 0.00953597439058624,
        "-17.0": 0.009679928308355186,
        "-16.0": 0.009573230277576401,
        "-15.0": 0.009556960301612343,
        "-14.0": 0.009803014213474582,
        "-13.0": 0.009647506254803623,
        "-12.0": 0.009757623338502391,
        "-11.0": 0.009886014670566589,
        "-10.0": 0.009812563981975225,
        "-9.0": 0.009650689510970503,
        "-8.0": 0.009894149658548616,
        "-7.0": 0.009805607977758707,
        "-6.0": 0.009807022758277321,
        "-5.0": 0.010131832785675724,
        "-4.0": 0.01000355935198808,
        "-1.0": 0.009992123209462618,
        "-2.0": 0.009858898043959825
    }
}