{
    "radius": 0.11,
    "ball_number": 2,
    "first_quarter_probability": 0.2500563772137877,
    "x_velocity_distribution": {
        "0.0": 0.009860296126395059,
        "1.0": 0.009822043062546793,
        "2.0": 0.00983385491512317,
        "3.0": 0.009931600704333184,
        "4.0": 0.009936585522851654,
        "5.0": 0.00987860991616944,
        "6.0": 0.009951973440886934,
        "7.0": 0.010015800791047353,
        "8.0": 0.009730799210534786,
        "9.0": 0.009821284503207026,
        "10.0": 0.009807088606991381,
        "11.0": 0.009804487832112178,
        "12.0": 0.009760816487265577,
        "13.0": 0.009693304706026288,
        "14.0": 0.009616906943949725,
        "15.0": 0.009548419872130736,
        "16.0": 0.00945706765449876,
        "17.0": 0.009537149847654193,
        "18.0": 0.009286066706191221,
        "19.0": 0.00932887112607809,
        "20.0": 0.009148550734453408,
        "21.0": 0.009018403624873335,
        "22.0": 0.008957285415212084,
        "23.0": 0.008876119565856985,
        "24.0": 0.008670983447259915,
        "25.0": 0.00877739848606727,
        "26.0": 0.008698725045971405,
        "27.0": 0.008335050025362974,
        "28.0": 0.008356939880596258,
        "29.0": 0.008091444111677707,
        "30.0": 0.008123303603947933,
        "31.0": 0.007917517291631064,
        "32.0": 0.007801674443886603,
        "33.0": 0.007760495508299235,
        "34.0": 0.007640643132616003,
        "35.0": 0.007389451625533064,
        "36.0": 0.0073384114185287225,
        "37.0": 0.0070676057342318,
        "38.0": 0.006838195716762178,
        "39.0": 0.0067775109695807955,
        "40.0": 0.006637610954203714,
        "41.0": 0.006448946409841593,
        "42.0": 0.006324542678119756,
        "43.0": 0.0061552755797316845,
        "44.0": 0.005976689038026471,
        "45.0": 0.005842098938027761,
        "46.0": 0.0056307859790925875,
        "47.0": 0.005504323300591384,
        "48.0": 0.005304172000512786,
        "49.0": 0.005061324646167287,
        "50.0": 0.0049142724998723995,
        "51.0": 0.004692014613320584,
        "52.0": 0.004619301282322891,
        "53.0": 0.004506709403177432,
        "54.0": 0.004338851057848927,
        "55.0": 0.004109982868479139,
        "56.0": 0.003924894389575921,
        "57.0": 0.0037631045189655547,
        "58.0": 0.0035440976010127417,
        "59.0": 0.003455887986359803,
        "60.0": 0.003281527703833293,
        "61.0": 0.0030776919726758258,
        "62.0": 0.0029481950568155525,
        "63.0": 0.0027955078982823942,
        "64.0": 0.002699929421471716,
        "65.0": 0.0024677018978829586,
        "66.0": 0.0023496917377391615,
        "67.0": 0.00218508436100966,
        "68.0": 0.00204746002365188,
        "69.0": 0.0019312920790475181,
        "70.0": 0.0017896582137509687,
        "71.0": 0.0016517087795332888,
        "72.0": 0.0015535295278434082,
        "73.0": 0.001436169561419412,
        "74.0": 0.0013247697040935872,
        "75.0": 0.0011991739505521175,
        "76.0": 0.0011042456674612395,
        "77.0": 0.0009701973955623628,
        "78.0": 0.0008933661710059331,
        "79.0": 0.0007828332386398424,
        "80.0": 0.0007157549198804207,
        "81.0": 0.0006268951115076812,
        "82.0": 0.000541828099833778,
        "83.0": 0.00047800074967335894,
        "84.0": 0.0004198084117512112,
        "85.0": 0.0003413517028952801,
        "86.0": 0.0002891194740713039,
        "87.0": 0.00024490630112486764,
        "88.0": 0.0001957083096599606,
        "89.0": 0.00015647995523199507,
        "90.0": 0.00012429536610186867,
        "91.0": 9.460318623097764e-05,
        "92.0": 6.827034057905603e-05,
        "93.0": 4.865616336507326e-05,
        "94.0": 2.80666955713897e-05,
        "95.0": 1.9072349114148983e-05,
        "96.0": 1.2678777536110405e-05,
        "97.0": 5.41828099833778e-06,
        "98.0": 1.083656199667556e-06,
        "-35.0": 0.00764877055411351,
        "-99.0": 1.083656199667556e-06,
        "-98.0": 5.093184138437513e-06,
        "-97.0": 1.1378390096509337e-05,
        "-96.0": 1.972254283394952e-05,
        "-95.0": 2.860852367122348e-05,
        "-94.0": 4.6922313445605174e-05,
        "-93.0": 6.458590950018634e-05,
        "-92.0": 9.98047359893819e-05,
        "-91.0": 0.0001249455598216692,
        "-90.0": 0.00015366244911285944,
        "-89.0": 0.0001947330190802598,
        "-88.0": 0.00024143860128593146,
        "-87.0": 0.0002921537114303731,
        "-86.0": 0.00034243535909494766,
        "-85.0": 0.00041276464645337204,
        "-84.0": 0.00048190191199216215,
        "-83.0": 0.0005444288747129801,
        "-82.0": 0.0006257030896880468,
        "-81.0": 0.0007169469417000551,
        "-80.0": 0.0007869511321985792,
        "-79.0": 0.0008720181438724823,
        "-78.0": 0.0009633703615044572,
        "-77.0": 0.0011029452800216384,
        "-76.0": 0.0012048089627903888,
        "-75.0": 0.001315558626396413,
        "-74.0": 0.0014311847429009411,
        "-73.0": 0.0015120254953961407,
        "-72.0": 0.001619740921643096,
        "-71.0": 0.0018097058534448185,
        "-70.0": 0.0019116779018335354,
        "-69.0": 0.0020668574696259294,
        "-68.0": 0.002196462751106169,
        "-67.0": 0.0023160983955494673,
        "-66.0": 0.002514840942568497,
        "-65.0": 0.0026815072660773672,
        "-64.0": 0.002770692171310007,
        "-63.0": 0.0029359497417593096,
        "-62.0": 0.003128515448440234,
        "-61.0": 0.0032693907543970163,
        "-60.0": 0.0034372490997255207,
        "-59.0": 0.003596221464216751,
        "-58.0": 0.0037877035146980085,
        "-57.0": 0.003909073009060775,
        "-56.0": 0.004059267758334698,
        "-55.0": 0.004343619145127465,
        "-54.0": 0.004443098784256946,
        "-53.0": 0.004596327770889939,
        "-52.0": 0.004731459698988483,
        "-51.0": 0.004924783965009174,
        "-50.0": 0.00508559854503984,
        "-49.0": 0.005334947836583345,
        "-48.0": 0.005477015164359761,
        "-47.0": 0.005665679708721883,
        "-46.0": 0.00584513317538683,
        "-45.0": 0.0059885008906028474,
        "-44.0": 0.006163511366849158,
        "-43.0": 0.00625128751902223,
        "-42.0": 0.006432691566846579,
        "-41.0": 0.006669578812093907,
        "-40.0": 0.006745651477310569,
        "-39.0": 0.0067989673623342125,
        "-38.0": 0.007163834404762279,
        "-37.0": 0.007260604903392592,
        "-36.0": 0.007483404618044241,
        "-7.0": 0.009664912913594998,
        "-34.0": 0.007671093871826662,
        "-33.0": 0.007793547022389095,
        "-32.0": 0.007951002268200792,
        "-31.0": 0.008103906157973883,
        "-30.0": 0.008120594463448764,
        "-29.0": 0.008253233982288073,
        "-28.0": 0.008500307595812275,
        "-27.0": 0.008745213896937143,
        "-26.0": 0.008658087938483872,
        "-25.0": 0.00870186764895044,
        "-24.0": 0.008920874566903254,
        "-23.0": 0.008965196105469657,
        "-22.0": 0.009142915722215136,
        "-21.0": 0.009190488229380542,
        "-20.0": 0.009234484671087045,
        "-19.0": 0.009434094143065808,
        "-18.0": 0.009514934895561008,
        "-17.0": 0.009431926830666473,
        "-16.0": 0.009559689896607278,
        "-15.0": 0.009690053737427285,
        "-14.0": 0.009615931653370024,
        "-13.0": 0.009827569709165098,
        "-12.0": 0.009734375275993688,
        "-11.0": 0.009855744770356455,
        "-2.0": 0.009918163367457307,
        "-9.0": 0.009951214881547167,
        "-8.0": 0.009820092481387393,
        "-10.0": 0.009919247023656973,
        "-6.0": 0.009863005266894227,
        "-5.0": 0.009986108611176462,
        "-4.0": 0.00989963284644299,
        "-3.0": 0.00994904756914783,
        "-1.0": 0.009883486369067943
    }
}