{
    "radius": 0.1,
    "ball_number": 2,
    "first_quarter_probability": 0.249889184635149,
    "x_velocity_distribution": {
        "0.0": 0.009739940391642117,
        "1.0": 0.009837548111263781,
        "2.0": 0.009892204139082733,
        "3.0": 0.00991099550424642,
        "4.0": 0.009892848414459773,
        "5.0": 0.00990798888582023,
        "6.0": 0.009958886640606443,
        "7.0": 0.009874808703902633,
        "8.0": 0.009741873217773239,
        "9.0": 0.009623111789938738,
        "10.0": 0.009964792498229317,
        "11.0": 0.009773013194330205,
        "12.0": 0.009736611635527406,
        "13.0": 0.009563838455250995,
        "14.0": 0.00971610220269161,
        "15.0": 0.009423064285367605,
        "16.0": 0.009554174324595384,
        "17.0": 0.009333724766417962,
        "18.0": 0.00940416554097441,
        "19.0": 0.009227204570747235,
        "20.0": 0.009220976575435842,
        "21.0": 0.009179206055157704,
        "22.0": 0.008961440977717951,
        "23.0": 0.008906892329128505,
        "24.0": 0.008859860226604536,
        "25.0": 0.008684080427901935,
        "26.0": 0.00844999370757715,
        "27.0": 0.008458154529019666,
        "28.0": 0.008244899379219198,
        "29.0": 0.008097575076335893,
        "30.0": 0.0081150778907455,
        "31.0": 0.007955941872616449,
        "32.0": 0.00781645625348714,
        "33.0": 0.007775330008586043,
        "34.0": 0.007576785813228004,
        "35.0": 0.007390482850033738,
        "36.0": 0.007290620166592432,
        "37.0": 0.00703011815580898,
        "38.0": 0.006977287574891643,
        "39.0": 0.006861747523942347,
        "40.0": 0.006642371758059993,
        "41.0": 0.006479584846127711,
        "42.0": 0.006347937910752398,
        "43.0": 0.006220371386098341,
        "44.0": 0.006059302541838169,
        "45.0": 0.00578870688348108,
        "46.0": 0.005629141348434003,
        "47.0": 0.005522299015074755,
        "48.0": 0.005355216933962203,
        "49.0": 0.0051478676417846085,
        "50.0": 0.0049600613693772475,
        "51.0": 0.004771073925445312,
        "52.0": 0.004636205613184795,
        "53.0": 0.0044412049324004796,
        "54.0": 0.004288082151123809,
        "55.0": 0.004086316578880567,
        "56.0": 0.00399547375071783,
        "57.0": 0.003740233322180211,
        "58.0": 0.003653148767050211,
        "59.0": 0.003475328762986981,
        "60.0": 0.00327818049761253,
        "61.0": 0.0031057294550246393,
        "62.0": 0.003035610818156711,
        "63.0": 0.002831697661323333,
        "64.0": 0.002589879636474061,
        "65.0": 0.0025176134150159974,
        "66.0": 0.002372007179804802,
        "67.0": 0.0021988044826103635,
        "68.0": 0.0020945392507592787,
        "69.0": 0.0019326113726630522,
        "70.0": 0.0018113802225498959,
        "71.0": 0.0016260436724211912,
        "72.0": 0.0015278990566519929,
        "73.0": 0.001383473992965372,
        "74.0": 0.0012759873842290838,
        "75.0": 0.001210593433459454,
        "76.0": 0.0010697118843465566,
        "77.0": 0.000964909756347938,
        "78.0": 0.0008637585221525498,
        "79.0": 0.0008197330380547694,
        "80.0": 0.0006845425881057317,
        "81.0": 0.000631282490270368,
        "82.0": 0.0005505333096812683,
        "83.0": 0.0004689250952561145,
        "84.0": 0.00040696727983070163,
        "85.0": 0.00035413669891336513,
        "86.0": 0.0002867025427831064,
        "87.0": 0.00024643533171806337,
        "88.0": 0.00019285309619417943,
        "89.0": 0.00016225001578474673,
        "90.0": 0.00011833191091647313,
        "91.0": 8.407793670380986e-05,
        "92.0": 6.70046392122316e-05,
        "93.0": 5.175678862226865e-05,
        "94.0": 2.727432429472248e-05,
        "95.0": 1.5999505196510433e-05,
        "96.0": 9.77150988511711e-06,
        "97.0": 2.25496381964241e-06,
        "98.0": 2.25496381964241e-06,
        "-3.0": 0.009802757240903584,
        "-99.0": 1.8254469016152842e-06,
        "-98.0": 2.040205360628847e-06,
        "-97.0": 9.01985527856964e-06,
        "-96.0": 1.5892125967003653e-05,
        "-95.0": 2.630791122916145e-05,
        "-94.0": 4.810589481903808e-05,
        "-93.0": 6.668250152371127e-05,
        "-92.0": 8.944689817914893e-05,
        "-91.0": 0.00012015735781808841,
        "-90.0": 0.0001647197380634027,
        "-89.0": 0.00019156454544009806,
        "-88.0": 0.00023870402719357512,
        "-87.0": 0.00029518550191414214,
        "-86.0": 0.00035338504430681766,
        "-85.0": 0.0004042827990930321,
        "-84.0": 0.0004677439237315399,
        "-83.0": 0.0005414060751731919,
        "-82.0": 0.0006277389756966442,
        "-81.0": 0.0006845425881057317,
        "-80.0": 0.0008182297288416745,
        "-79.0": 0.0008763218920048433,
        "-78.0": 0.0009539570749382462,
        "-77.0": 0.0010836711841824382,
        "-76.0": 0.0012101639165414267,
        "-75.0": 0.0012597731205735597,
        "-74.0": 0.0013852994398669872,
        "-73.0": 0.001527469539733966,
        "-72.0": 0.0016319495300440641,
        "-71.0": 0.0018240509716316961,
        "-70.0": 0.0019250948265975775,
        "-69.0": 0.00209614993920188,
        "-68.0": 0.0022211393623477738,
        "-67.0": 0.0023711481459687475,
        "-66.0": 0.0024893726776557138,
        "-65.0": 0.0025931010133592646,
        "-64.0": 0.0028210671176021615,
        "-63.0": 0.003014027593025848,
        "-62.0": 0.003084146229893776,
        "-61.0": 0.003286770835973073,
        "-60.0": 0.0035115155633307664,
        "-59.0": 0.003635323814952085,
        "-58.0": 0.0037712659195076707,
        "-57.0": 0.003944898133620136,
        "-56.0": 0.004084491131978952,
        "-55.0": 0.0042483518362063,
        "-54.0": 0.004453231406105239,
        "-53.0": 0.00466874151972535,
        "-52.0": 0.004805757416576003,
        "-51.0": 0.00492462622364001,
        "-50.0": 0.005169987763063005,
        "-49.0": 0.0053335263296018336,
        "-48.0": 0.005505547855271698,
        "-47.0": 0.005660818221138503,
        "-46.0": 0.00584475884128362,
        "-45.0": 0.006061557505657812,
        "-44.0": 0.006138655792443681,
        "-43.0": 0.006321200482605209,
        "-42.0": 0.006394862634046861,
        "-41.0": 0.006652894922551657,
        "-40.0": 0.006878283925286392,
        "-39.0": 0.006966764410399979,
        "-38.0": 0.007050520209415268,
        "-37.0": 0.007270432871445157,
        "-36.0": 0.007403905253722086,
        "-35.0": 0.00748852008657343,
        "-34.0": 0.007720029705390051,
        "-33.0": 0.007683413388128238,
        "-32.0": 0.008031858987877744,
        "-31.0": 0.008130325741335463,
        "-30.0": 0.008280978800333476,
        "-29.0": 0.008397163126659814,
        "-28.0": 0.00850668994075673,
        "-27.0": 0.008571010099231294,
        "-26.0": 0.00874657513947488,
        "-25.0": 0.008849873958260404,
        "-24.0": 0.008884342690932082,
        "-23.0": 0.00891075798139075,
        "-22.0": 0.009148817733207285,
        "-21.0": 0.009101785630683314,
        "-20.0": 0.009281860598566187,
        "-19.0": 0.009406742642482573,
        "-18.0": 0.009357240817679947,
        "-17.0": 0.009481049069301266,
        "-16.0": 0.009601743323266888,
        "-15.0": 0.009664882310216876,
        "-14.0": 0.009567918865972252,
        "-13.0": 0.009578334651234411,
        "-12.0": 0.009708585656626136,
        "-11.0": 0.009845708932706296,
        "-10.0": 0.009848500792673472,
        "-9.0": 0.0097871872526251,
        "-8.0": 0.009929786869410106,
        "-7.0": 0.01000301950393373,
        "-6.0": 0.009824984741411488,
        "-5.0": 0.009976282075786541,
        "-4.0": 0.009743054389297812,
        "-2.0": 0.009910780745787405,
        "-1.0": 0.009660587141036604
    }
}