{
    "radius": 0.13,
    "ball_number": 2,
    "first_quarter_probability": 0.25159660828677993,
    "x_velocity_distribution": {
        "0.0": 0.009796637499661478,
        "1.0": 0.010023170521094764,
        "2.0": 0.00991672996864277,
        "3.0": 0.009936597391884591,
        "4.0": 0.009862566267290762,
        "5.0": 0.009921613581059753,
        "6.0": 0.009934488559249983,
        "7.0": 0.009820833579363808,
        "8.0": 0.009991760013958252,
        "9.0": 0.009844474703109663,
        "10.0": 0.009915509065538522,
        "11.0": 0.009679652784036447,
        "12.0": 0.009698077321791433,
        "13.0": 0.009673215294941332,
        "14.0": 0.009510724190885314,
        "15.0": 0.009507616437529051,
        "16.0": 0.009454562648089996,
        "17.0": 0.009370986281044791,
        "18.0": 0.009283303239921667,
        "19.0": 0.00933413720553482,
        "20.0": 0.009136905858603437,
        "21.0": 0.009031353235681803,
        "22.0": 0.009138126761707685,
        "23.0": 0.009025692684925753,
        "24.0": 0.008828461337994371,
        "25.0": 0.00860203930775238,
        "26.0": 0.00844909344614774,
        "27.0": 0.008523124570741567,
        "28.0": 0.008453977058564724,
        "29.0": 0.008207576613889616,
        "30.0": 0.008043864606729352,
        "31.0": 0.007913449956957617,
        "32.0": 0.007846522268606675,
        "33.0": 0.007619212308834322,
        "34.0": 0.007642742441388881,
        "35.0": 0.007335740806266652,
        "36.0": 0.00734528604871803,
        "37.0": 0.007152716331821041,
        "38.0": 0.006936949455943378,
        "39.0": 0.006739052161864226,
        "40.0": 0.006610080397579326,
        "41.0": 0.006452583897131588,
        "42.0": 0.006270558343407634,
        "43.0": 0.006117834464185584,
        "44.0": 0.005954899395364387,
        "45.0": 0.005819379150793076,
        "46.0": 0.005665878333231961,
        "47.0": 0.005506051017767026,
        "48.0": 0.005378189165395077,
        "49.0": 0.005132343676676444,
        "50.0": 0.004955867682517245,
        "51.0": 0.0047549736262731245,
        "52.0": 0.004688933867452543,
        "53.0": 0.004459182101471699,
        "54.0": 0.0042700531115048585,
        "55.0": 0.0040934661261543635,
        "56.0": 0.0038473986550531403,
        "57.0": 0.0038356335887758603,
        "58.0": 0.003635627462062101,
        "59.0": 0.0034214144628625692,
        "60.0": 0.0032812325882568658,
        "61.0": 0.003097542166663485,
        "62.0": 0.0029993149623673268,
        "63.0": 0.0027654565223085635,
        "64.0": 0.0026734448247249304,
        "65.0": 0.0024822070021234834,
        "66.0": 0.002329705105284024,
        "67.0": 0.0021557819085246117,
        "68.0": 0.0020889652113649654,
        "69.0": 0.0019490053191418516,
        "70.0": 0.0018131521009966565,
        "71.0": 0.001673303199964838,
        "72.0": 0.0015519898278793002,
        "73.0": 0.0014530966764353713,
        "74.0": 0.0013105839868124706,
        "75.0": 0.0011945981919090974,
        "76.0": 0.0011132416486897933,
        "77.0": 0.0009799412279443854,
        "78.0": 0.0009196730110711494,
        "79.0": 0.0008005794628115134,
        "80.0": 0.0006914751217684359,
        "81.0": 0.0006081207371058204,
        "82.0": 0.0005466316171283382,
        "83.0": 0.00047870500805574065,
        "84.0": 0.00040755965443558536,
        "85.0": 0.0003547278473791206,
        "86.0": 0.00030267297866172146,
        "87.0": 0.0002550577575961261,
        "88.0": 0.00020189297696577608,
        "89.0": 0.00015583163257831204,
        "90.0": 0.00011709570681632422,
        "91.0": 9.023583852291147e-05,
        "92.0": 6.315398784690852e-05,
        "93.0": 4.5617379622283655e-05,
        "94.0": 2.763680663247842e-05,
        "95.0": 2.0755352772182587e-05,
        "96.0": 6.326497903820362e-06,
        "97.0": 4.10667407791848e-06,
        "98.0": 8.879295303607525e-07,
        "-44.0": 0.006027487634471378,
        "-99.0": 7.769383390656584e-07,
        "-98.0": 3.6627093127381037e-06,
        "-97.0": 6.548480286410549e-06,
        "-96.0": 1.997841443311693e-05,
        "-95.0": 2.896870092801955e-05,
        "-94.0": 5.05009920392678e-05,
        "-93.0": 6.293200546431833e-05,
        "-92.0": 9.511945093989561e-05,
        "-91.0": 0.00011720669800761932,
        "-90.0": 0.00015827343878680413,
        "-89.0": 0.000208885422017367,
        "-88.0": 0.0002556127135526016,
        "-87.0": 0.00030156306674877055,
        "-86.0": 0.0003513981116402678,
        "-85.0": 0.00040977947826148725,
        "-84.0": 0.0004885832240810041,
        "-83.0": 0.0005394171896941571,
        "-82.0": 0.0006041250542191969,
        "-81.0": 0.0007055710030629129,
        "-80.0": 0.000802355321872235,
        "-79.0": 0.0009082409183677546,
        "-78.0": 0.0009642914699717771,
        "-77.0": 0.0011102448865248258,
        "-76.0": 0.0011884936763878673,
        "-75.0": 0.001305034427247716,
        "-74.0": 0.0014471031521054363,
        "-73.0": 0.001572856171842778,
        "-72.0": 0.001660317230583312,
        "-71.0": 0.001842009810733381,
        "-70.0": 0.0019254751865872917,
        "-69.0": 0.002050562259176863,
        "-68.0": 0.002216161116589143,
        "-67.0": 0.0023487955901867804,
        "-66.0": 0.002522718786946193,
        "-65.0": 0.002646806938814108,
        "-64.0": 0.002793204320132337,
        "-63.0": 0.002940267648598337,
        "-62.0": 0.00306846247454417,
        "-61.0": 0.003221741309722695,
        "-60.0": 0.0034286288902967504,
        "-59.0": 0.003618090853837476,
        "-58.0": 0.0037930129713185444,
        "-57.0": 0.0039127724667259505,
        "-56.0": 0.004045517931514884,
        "-55.0": 0.0042467449613328885,
        "-54.0": 0.004498251000807572,
        "-53.0": 0.004698257127521331,
        "-52.0": 0.004721121312928121,
        "-51.0": 0.004983837462723608,
        "-50.0": 0.005160424448074103,
        "-49.0": 0.005275633304638411,
        "-48.0": 0.005468868968683169,
        "-47.0": 0.005615821305957874,
        "-46.0": 0.0057989567715947795,
        "-45.0": 0.0059890846822832754,
        "-9.0": 0.009840146046649154,
        "-43.0": 0.006274443035102962,
        "-42.0": 0.006482551518781263,
        "-41.0": 0.0066502592088281505,
        "-40.0": 0.006742603879985669,
        "-39.0": 0.00698578558011322,
        "-38.0": 0.007074134568384115,
        "-37.0": 0.0073392925243880944,
        "-36.0": 0.007357828053334375,
        "-35.0": 0.007629867463198651,
        "-34.0": 0.007628091604137929,
        "-33.0": 0.007839640814746378,
        "-32.0": 0.007816332664574408,
        "-31.0": 0.008071390422170534,
        "-30.0": 0.008262739235963277,
        "-29.0": 0.00839071207952652,
        "-28.0": 0.008529784042219274,
        "-27.0": 0.008433443688175132,
        "-26.0": 0.008666303207512238,
        "-25.0": 0.0088504375938708,
        "-24.0": 0.008904268321648921,
        "-23.0": 0.009086515857755465,
        "-22.0": 0.009131578281421273,
        "-21.0": 0.009189182709703427,
        "-20.0": 0.009265433658123157,
        "-19.0": 0.009384194232808908,
        "-18.0": 0.009441021722751996,
        "-17.0": 0.0095291487286403,
        "-16.0": 0.009552789852386155,
        "-15.0": 0.009526595931240512,
        "-14.0": 0.00966511293797679,
        "-13.0": 0.009822609438424529,
        "-12.0": 0.009679763775227742,
        "-11.0": 0.009703626881356188,
        "-2.0": 0.009977442150281185,
        "-10.0": 0.009822942411998414,
        "-8.0": 0.00973414945896234,
        "-7.0": 0.009962458339456347,
        "-6.0": 0.009833486575171448,
        "-5.0": 0.009793196772731329,
        "-4.0": 0.009807736618790986,
        "-3.0": 0.009919060783659965,
        "-1.0": 0.009845140650257433
    }
}