{
    "radius": 0.18,
    "ball_number": 2,
    "first_quarter_probability": 0.25438245076813637,
    "x_velocity_distribution": {
        "0.0": 0.009957924144309474,
        "1.0": 0.009976647760272548,
        "2.0": 0.009915735217431637,
        "3.0": 0.009873303126710125,
        "4.0": 0.009832937928659862,
        "5.0": 0.009848014086967791,
        "6.0": 0.009952452957826758,
        "7.0": 0.009881813861238795,
        "8.0": 0.00995950470929337,
        "9.0": 0.009870871488273363,
        "10.0": 0.009902118042185765,
        "11.0": 0.009909291375574216,
        "12.0": 0.009619318491990244,
        "13.0": 0.009672692955677189,
        "14.0": 0.009594394198013424,
        "15.0": 0.009566065610225136,
        "16.0": 0.009554758491494189,
        "17.0": 0.009471110129269546,
        "18.0": 0.00935426990238309,
        "19.0": 0.009126060635092895,
        "20.0": 0.009175787641124696,
        "21.0": 0.00903536052140164,
        "22.0": 0.009033172046808554,
        "23.0": 0.00895815600103442,
        "24.0": 0.008769704022185297,
        "25.0": 0.008688000970710064,
        "26.0": 0.008576631930306325,
        "27.0": 0.008470369330619787,
        "28.0": 0.00831887825600946,
        "29.0": 0.008204591249481604,
        "30.0": 0.008018692490991084,
        "31.0": 0.007824039834128216,
        "32.0": 0.007669630793393774,
        "33.0": 0.007676074635251195,
        "34.0": 0.007574067402828993,
        "35.0": 0.0075243403967971915,
        "36.0": 0.007225978360606388,
        "37.0": 0.007103666947237215,
        "38.0": 0.006931628527836242,
        "39.0": 0.006807493385639497,
        "40.0": 0.006616366604509935,
        "41.0": 0.006381348749596804,
        "42.0": 0.006321287280208761,
        "43.0": 0.00621660524550612,
        "44.0": 0.005932225130326702,
        "45.0": 0.005700611569225038,
        "46.0": 0.005622191229639435,
        "47.0": 0.00549550286708409,
        "48.0": 0.005237870774709064,
        "49.0": 0.005158356197826917,
        "50.0": 0.004907411111152989,
        "51.0": 0.00476066173149435,
        "52.0": 0.00460284839694844,
        "53.0": 0.004461083876085164,
        "54.0": 0.004261689524270609,
        "55.0": 0.00406448364704914,
        "56.0": 0.003895241611850444,
        "57.0": 0.003813052232687859,
        "58.0": 0.003688673926647438,
        "59.0": 0.003360159573840774,
        "60.0": 0.0033317094041306486,
        "61.0": 0.003048423526247774,
        "62.0": 0.002951036406855421,
        "63.0": 0.0028226458973943415,
        "64.0": 0.002650729059915206,
        "65.0": 0.0024908488326980476,
        "66.0": 0.0023630662328461586,
        "67.0": 0.002202578096019809,
        "68.0": 0.0020507222756439678,
        "69.0": 0.001972058772214689,
        "70.0": 0.0018634861160132267,
        "71.0": 0.0017061591091546689,
        "72.0": 0.00152925741288017,
        "73.0": 0.0014270070166142912,
        "74.0": 0.0013319299537368628,
        "75.0": 0.0012054847550251936,
        "76.0": 0.0010606806861159647,
        "77.0": 0.0010142363919737937,
        "78.0": 0.0008830494983104369,
        "79.0": 0.0008190974074235733,
        "80.0": 0.0006924090448682277,
        "81.0": 0.0006159340160320353,
        "82.0": 0.0005493071228647327,
        "83.0": 0.00045982282839185905,
        "84.0": 0.00040486779972101814,
        "85.0": 0.00034748113261341435,
        "86.0": 0.0002971462169724229,
        "87.0": 0.00024778395670613663,
        "88.0": 0.00020073175295477505,
        "89.0": 0.00016060971874818768,
        "90.0": 0.0001163538991991034,
        "91.0": 0.00010200723242220247,
        "92.0": 6.820745815119854e-05,
        "93.0": 4.8268022969743e-05,
        "94.0": 3.088180814688847e-05,
        "95.0": 2.0912090556160697e-05,
        "96.0": 9.4833899033752e-06,
        "97.0": 2.796384202277302e-06,
        "98.0": 1.2158192183814358e-06,
        "99.0": 3.6474576551443077e-07,
        "-39.0": 0.006952419036470564,
        "-100.0": 2.431638436762872e-07,
        "-99.0": 1.3374011402195793e-06,
        "-98.0": 3.6474576551443074e-06,
        "-97.0": 1.0091299512565916e-05,
        "-96.0": 2.042576286880812e-05,
        "-95.0": 2.9058079319316315e-05,
        "-94.0": 4.936226026628629e-05,
        "-93.0": 6.930169544774184e-05,
        "-92.0": 0.00010103457704749732,
        "-91.0": 0.00010869423812330036,
        "-90.0": 0.00016340610295046497,
        "-89.0": 0.00020219073601683278,
        "-88.0": 0.00023635525605335113,
        "-87.0": 0.00029337717739544045,
        "-86.0": 0.00034249627381805045,
        "-85.0": 0.0004000045228474924,
        "-84.0": 0.0004778169528239043,
        "-83.0": 0.0005387294956648141,
        "-82.0": 0.000602073676942487,
        "-81.0": 0.0006948406833049906,
        "-80.0": 0.0008097355994420363,
        "-79.0": 0.0009025026058045398,
        "-78.0": 0.0010198291603783483,
        "-77.0": 0.0010646928895366233,
        "-76.0": 0.0012019588792918875,
        "-75.0": 0.0013348479198609783,
        "-74.0": 0.0014323566211751695,
        "-73.0": 0.0015641514244477172,
        "-72.0": 0.0017039706345615823,
        "-71.0": 0.0018450056638938288,
        "-70.0": 0.0019543078116263197,
        "-69.0": 0.0020463453264577946,
        "-68.0": 0.0022123046497668605,
        "-67.0": 0.0023262269105292013,
        "-66.0": 0.0025348614884034555,
        "-65.0": 0.002643555726526756,
        "-64.0": 0.002767934032567177,
        "-63.0": 0.002947510531122115,
        "-62.0": 0.003080399571691206,
        "-61.0": 0.0033179706469629385,
        "-60.0": 0.003423503755118447,
        "-59.0": 0.00360539031018831,
        "-58.0": 0.0037797387861042077,
        "-57.0": 0.003931229860714535,
        "-56.0": 0.004063997319361788,
        "-55.0": 0.004309835965318513,
        "-54.0": 0.004452694723478332,
        "-53.0": 0.004610264894180567,
        "-52.0": 0.004701086589793659,
        "-51.0": 0.0049833998123018294,
        "-50.0": 0.005108386027951441,
        "-49.0": 0.005292582639536228,
        "-48.0": 0.005515685466109222,
        "-47.0": 0.0056545320208483815,
        "-46.0": 0.005748271682585591,
        "-45.0": 0.005975629876422919,
        "-44.0": 0.00615107258963536,
        "-43.0": 0.006324205246332876,
        "-42.0": 0.006458431688042187,
        "-41.0": 0.006634482310863819,
        "-40.0": 0.006710957339700011,
        "-8.0": 0.009806311487777308,
        "-38.0": 0.007108773387954417,
        "-37.0": 0.007293091581461042,
        "-36.0": 0.007418077797110654,
        "-35.0": 0.007554735877256727,
        "-34.0": 0.00768944864665339,
        "-33.0": 0.0077839177999216285,
        "-32.0": 0.007793036444059489,
        "-31.0": 0.008091276898328455,
        "-30.0": 0.008245199611375546,
        "-29.0": 0.008351219047218406,
        "-28.0": 0.008434624245599372,
        "-27.0": 0.008568850687308683,
        "-26.0": 0.008710736790093796,
        "-25.0": 0.008895419729365937,
        "-24.0": 0.008819552610138936,
        "-23.0": 0.008975906961622787,
        "-22.0": 0.009062838035737061,
        "-21.0": 0.00924290086197935,
        "-20.0": 0.009312932048958122,
        "-19.0": 0.009353783574695738,
        "-18.0": 0.009398647303854013,
        "-17.0": 0.009477918716892483,
        "-16.0": 0.009466733180083373,
        "-15.0": 0.009526794649471416,
        "-14.0": 0.009574697926675644,
        "-13.0": 0.009789654764485484,
        "-12.0": 0.009790384256016511,
        "-11.0": 0.009852998945763155,
        "-10.0": 0.009684607984017327,
        "-9.0": 0.00985992911530793,
        "-1.0": 0.009867345612540056,
        "-7.0": 0.009969839172649611,
        "-6.0": 0.009902361206029442,
        "-5.0": 0.010010082788778038,
        "-4.0": 0.009971054991867994,
        "-3.0": 0.010032575444318095,
        "-2.0": 0.009844974538921839
    }
}