{
    "radius": 0.15,
    "ball_number": 2,
    "first_quarter_probability": 0.24889126888794622,
    "x_velocity_distribution": {
        "0.0": 0.009895455417914496,
        "1.0": 0.009807203946845425,
        "2.0": 0.010027947835315843,
        "3.0": 0.009862159497367549,
        "4.0": 0.009866883140074901,
        "5.0": 0.009884625602926907,
        "6.0": 0.00989741400147608,
        "7.0": 0.009846375618077127,
        "8.0": 0.009833587219527954,
        "9.0": 0.009803978044508697,
        "10.0": 0.009815383913484986,
        "11.0": 0.009743492375695039,
        "12.0": 0.00958726653395919,
        "13.0": 0.00975581993105325,
        "14.0": 0.009580929940083473,
        "15.0": 0.009672752945882494,
        "16.0": 0.009478161908499124,
        "17.0": 0.00932758139585255,
        "18.0": 0.00935845788964695,
        "19.0": 0.009215135657258015,
        "20.0": 0.009207070901416195,
        "21.0": 0.009111676360887224,
        "22.0": 0.009033909072412522,
        "23.0": 0.008974229879183044,
        "24.0": 0.008744153916095662,
        "25.0": 0.00865947397975654,
        "26.0": 0.008511428104660254,
        "27.0": 0.008569494346721366,
        "28.0": 0.008312574267760494,
        "29.0": 0.008119480970747748,
        "30.0": 0.008232502763330984,
        "31.0": 0.007880072933043401,
        "32.0": 0.0077286859448126456,
        "33.0": 0.007589972144333323,
        "34.0": 0.007499877300500407,
        "35.0": 0.007345264409932922,
        "36.0": 0.007332476011383748,
        "37.0": 0.00703119977529286,
        "38.0": 0.006877508571107298,
        "39.0": 0.006807575616878935,
        "40.0": 0.006681189371757824,
        "41.0": 0.006532913075066056,
        "42.0": 0.006328759541470242,
        "43.0": 0.006262743754365049,
        "44.0": 0.005950752914084313,
        "45.0": 0.005857201746319188,
        "46.0": 0.005667449562440911,
        "47.0": 0.005413640175019027,
        "48.0": 0.005241630453992757,
        "49.0": 0.005056025858833131,
        "50.0": 0.005010632804523452,
        "51.0": 0.004728942404048415,
        "52.0": 0.004619722567790609,
        "53.0": 0.0045451811816526345,
        "54.0": 0.004216945618890516,
        "55.0": 0.004119707705597701,
        "56.0": 0.0039367529587861026,
        "57.0": 0.003793776358790388,
        "58.0": 0.003593885624710965,
        "59.0": 0.0034603563101299555,
        "60.0": 0.0032543594037702963,
        "61.0": 0.003221985169605272,
        "62.0": 0.0029409860339166764,
        "63.0": 0.002798700698707404,
        "64.0": 0.002621852124176041,
        "65.0": 0.0025099824395702084,
        "66.0": 0.002358480240541712,
        "67.0": 0.00220490424715389,
        "68.0": 0.0020231016083196943,
        "69.0": 0.001923213846678853,
        "70.0": 0.0017756288147735267,
        "71.0": 0.001687838186895417,
        "72.0": 0.0015912915383890444,
        "73.0": 0.0014185905525763323,
        "74.0": 0.0013106380350936698,
        "75.0": 0.0011927773890053415,
        "76.0": 0.0010733037917486487,
        "77.0": 0.0009972646652400498,
        "78.0": 0.0008721457388940824,
        "79.0": 0.0007929959208464952,
        "80.0": 0.0007320494088418757,
        "81.0": 0.0006417241434134793,
        "82.0": 0.0005517445103783039,
        "83.0": 0.000474207643499081,
        "84.0": 0.00041337634229220177,
        "85.0": 0.0003383741129632655,
        "86.0": 0.00028652925398012984,
        "87.0": 0.00025830260853375596,
        "88.0": 0.00020415353359581426,
        "89.0": 0.00016302327880252663,
        "90.0": 0.00011647811651544481,
        "91.0": 8.675373069844702e-05,
        "92.0": 6.705268428485547e-05,
        "93.0": 4.6545162287081806e-05,
        "94.0": 2.9493964221517182e-05,
        "95.0": 1.4862192908498894e-05,
        "96.0": 1.0138550201146532e-05,
        "97.0": 5.645329089274773e-06,
        "98.0": 1.2673187751433164e-06,
        "99.0": 1.1521079774030149e-07,
        "-32.0": 0.00797062862006728,
        "-100.0": 1.1521079774030149e-07,
        "-99.0": 1.4977403706239194e-06,
        "-98.0": 4.262799516391155e-06,
        "-97.0": 1.1060236583068944e-05,
        "-96.0": 1.6590354874603416e-05,
        "-95.0": 3.168296937858291e-05,
        "-94.0": 4.919501063510874e-05,
        "-93.0": 6.993295422836301e-05,
        "-92.0": 9.343595696738452e-05,
        "-91.0": 0.00012062570523409567,
        "-90.0": 0.00016429059757766992,
        "-89.0": 0.0002009276312590858,
        "-88.0": 0.0002457446315800631,
        "-87.0": 0.00028364898403662227,
        "-86.0": 0.00035150814390565985,
        "-85.0": 0.0004227084169091662,
        "-84.0": 0.0004679862604211047,
        "-83.0": 0.000536882317469805,
        "-82.0": 0.0006323920687965149,
        "-81.0": 0.0007111962544508811,
        "-80.0": 0.0007970282987674058,
        "-79.0": 0.0008968008496105068,
        "-78.0": 0.0009784853052083806,
        "-77.0": 0.0010814837583882101,
        "-76.0": 0.0011867864275228457,
        "-75.0": 0.001316859418171646,
        "-74.0": 0.0014386372313831448,
        "-73.0": 0.001603849515342737,
        "-72.0": 0.0016579985902806789,
        "-71.0": 0.0017601905678763263,
        "-70.0": 0.0019224073710946707,
        "-69.0": 0.0020394615415988172,
        "-68.0": 0.0021811708228193878,
        "-67.0": 0.0023380879293416787,
        "-66.0": 0.0024933920846956052,
        "-65.0": 0.002655378466318469,
        "-64.0": 0.002814714999593306,
        "-63.0": 0.0029407556123211957,
        "-62.0": 0.0031404159248051384,
        "-61.0": 0.0032695672290720163,
        "-60.0": 0.0034855874748350815,
        "-59.0": 0.0035547139534792623,
        "-58.0": 0.0037615173354231036,
        "-57.0": 0.00395887343195224,
        "-56.0": 0.0041577272688520005,
        "-55.0": 0.00424160072960694,
        "-54.0": 0.004403817532825285,
        "-53.0": 0.004632050123148821,
        "-52.0": 0.004755671309124165,
        "-51.0": 0.004970078603718866,
        "-50.0": 0.005057638810001495,
        "-49.0": 0.0052684745698662475,
        "-48.0": 0.00551041724512088,
        "-47.0": 0.005612148379525566,
        "-46.0": 0.005887041342933926,
        "-45.0": 0.005957780772746471,
        "-44.0": 0.006200184291192065,
        "-43.0": 0.00626677613228596,
        "-42.0": 0.00654593189521071,
        "-41.0": 0.006693286505520556,
        "-40.0": 0.006763334670546659,
        "-39.0": 0.006955506281177482,
        "-38.0": 0.007055509253616064,
        "-37.0": 0.007253671825729382,
        "-36.0": 0.007376025692929582,
        "-35.0": 0.007556906645381856,
        "-34.0": 0.007784563181716692,
        "-33.0": 0.007848389963664819,
        "-8.0": 0.009899257374239925,
        "-31.0": 0.00821245608452417,
        "-30.0": 0.008190796454548994,
        "-29.0": 0.008355202262924405,
        "-28.0": 0.008539424328511147,
        "-27.0": 0.008397023782504134,
        "-26.0": 0.00862479552963671,
        "-25.0": 0.008711664471132897,
        "-24.0": 0.008871692269194176,
        "-23.0": 0.008891854158798729,
        "-22.0": 0.009160986582320074,
        "-21.0": 0.009082182396665707,
        "-20.0": 0.009211218490134844,
        "-19.0": 0.009444289933963476,
        "-18.0": 0.009435418702537472,
        "-17.0": 0.009471940525421147,
        "-16.0": 0.00976342384370411,
        "-15.0": 0.009608234899147925,
        "-14.0": 0.009674711529444078,
        "-13.0": 0.009647060937986406,
        "-12.0": 0.00971376798987804,
        "-11.0": 0.009704435915261076,
        "-10.0": 0.00991619336150775,
        "-9.0": 0.009806051838868022,
        "-1.0": 0.009908359027261409,
        "-7.0": 0.00991619336150775,
        "-6.0": 0.009955480243537193,
        "-5.0": 0.009803517201317734,
        "-4.0": 0.009925295014529234,
        "-3.0": 0.010002025405824275,
        "-2.0": 0.009880708435803737
    }
}