{
    "radius": 0.15,
    "ball_number": 2,
    "first_quarter_probability": 0.24889126888794622,
    "x_velocity_distribution": {
        "0.0": 0.004912473204848716,
        "1.0": 0.00498298221306578,
        "2.0": 0.004932980726846489,
        "3.0": 0.004874223219998935,
        "4.0": 0.005072731424505475,
        "5.0": 0.004955216410810368,
        "6.0": 0.004941391115081531,
        "7.0": 0.004920768382286017,
        "8.0": 0.004964663696225072,
        "9.0": 0.004902219443849829,
        "10.0": 0.004949916714114313,
        "11.0": 0.004934708888812594,
        "12.0": 0.004956598940383251,
        "13.0": 0.00494081506109283,
        "14.0": 0.0049332111484419695,
        "15.0": 0.004913164469635157,
        "16.0": 0.00498666895859347,
        "17.0": 0.004846918260934484,
        "18.0": 0.004877679543931144,
        "19.0": 0.004926298500577552,
        "20.0": 0.0047592428438541145,
        "21.0": 0.0050561410696308715,
        "22.0": 0.0049744566140329976,
        "23.0": 0.00476903576166204,
        "24.0": 0.0047815937386157335,
        "25.0": 0.0048056727953434564,
        "26.0": 0.00484922247688929,
        "27.0": 0.00490659745416396,
        "28.0": 0.004728135928464233,
        "29.0": 0.004852794011619239,
        "30.0": 0.004923072598240823,
        "31.0": 0.00474968034764167,
        "32.0": 0.004767653232089156,
        "33.0": 0.004710508676409967,
        "34.0": 0.0046552074934946225,
        "35.0": 0.004672373902357928,
        "36.0": 0.004668802367627978,
        "37.0": 0.004689655522018972,
        "38.0": 0.004576864151031217,
        "39.0": 0.004638271506226798,
        "40.0": 0.004593454505905821,
        "41.0": 0.004613616395510374,
        "42.0": 0.00458170300453631,
        "43.0": 0.0045299733563509146,
        "44.0": 0.004577670626615399,
        "45.0": 0.004456238445797122,
        "46.0": 0.004539305430967879,
        "47.0": 0.004434924448215166,
        "48.0": 0.004416721142172198,
        "49.0": 0.004327432773923464,
        "50.0": 0.00434102764805682,
        "51.0": 0.004318446331699721,
        "52.0": 0.004264988521548221,
        "53.0": 0.004246439583112033,
        "54.0": 0.004308538203094055,
        "55.0": 0.00426095614362731,
        "56.0": 0.004192060086578611,
        "57.0": 0.004120514181181883,
        "58.0": 0.0040525398105151055,
        "59.0": 0.004066941160232643,
        "60.0": 0.0041345698985062,
        "61.0": 0.004097932864824784,
        "62.0": 0.003974887732838142,
        "63.0": 0.0039051852002052597,
        "64.0": 0.0038673960585464406,
        "65.0": 0.0038612898862662045,
        "66.0": 0.0037831769653982805,
        "67.0": 0.003806795178935042,
        "68.0": 0.003775112209556459,
        "69.0": 0.0037247650909439474,
        "70.0": 0.0037312168956174043,
        "71.0": 0.0036140475143155177,
        "72.0": 0.003703335882564251,
        "73.0": 0.003629140128819497,
        "74.0": 0.00348489621004864,
        "75.0": 0.0035463035652442206,
        "76.0": 0.0034570151969954867,
        "77.0": 0.003420493374111811,
        "78.0": 0.0034615084181073585,
        "79.0": 0.0033460671987715763,
        "80.0": 0.003375330741397613,
        "81.0": 0.003305858630360211,
        "82.0": 0.0032894986970810882,
        "83.0": 0.0032434143779849676,
        "84.0": 0.0032062012903148504,
        "85.0": 0.0031225582511553913,
        "86.0": 0.003155623750106858,
        "87.0": 0.003107120004258191,
        "88.0": 0.0030087299829879735,
        "89.0": 0.0029420229310963392,
        "90.0": 0.0029612631343189696,
        "91.0": 0.0028959386120002185,
        "92.0": 0.002877850516754991,
        "93.0": 0.00278959904568592,
        "94.0": 0.0027378693975005247,
        "95.0": 0.0026757707775185023,
        "96.0": 0.0026125200495590766,
        "97.0": 0.00262911040443368,
        "98.0": 0.0025368265554436987,
        "99.0": 0.0025191993033894327,
        "100.0": 0.0025664357304629563,
        "101.0": 0.0024441970740604964,
        "102.0": 0.002381522400089772,
        "103.0": 0.002347420003958643,
        "104.0": 0.00235767376495753,
        "105.0": 0.0022620488028330795,
        "106.0": 0.0022978793609303135,
        "107.0": 0.002247301820722321,
        "108.0": 0.0021591655604509905,
        "109.0": 0.002057780058439525,
        "110.0": 0.002117344040871261,
        "111.0": 0.00200236366472644,
        "112.0": 0.002018838808803303,
        "113.0": 0.0019179141499827991,
        "114.0": 0.00192978086215005,
        "115.0": 0.001863995496640338,
        "116.0": 0.001800168714692211,
        "117.0": 0.001793716910018754,
        "118.0": 0.00177309417722324,
        "119.0": 0.0016872621329067155,
        "120.0": 0.001617559600273833,
        "121.0": 0.0016367998034964634,
        "122.0": 0.0016333434795642544,
        "123.0": 0.0015886416900410174,
        "124.0": 0.0014967034734442567,
        "125.0": 0.0014442825604724196,
        "126.0": 0.0013872532155909704,
        "127.0": 0.0014114474831164337,
        "128.0": 0.0013445100096293185,
        "129.0": 0.0012773421145467227,
        "130.0": 0.001293125993837144,
        "131.0": 0.0012168564457330645,
        "132.0": 0.0012049897335658134,
        "133.0": 0.0011534905069758986,
        "134.0": 0.0011381674708764386,
        "135.0": 0.0010667367762774516,
        "136.0": 0.0010418512439655464,
        "137.0": 0.000981250364354148,
        "138.0": 0.000980559099567706,
        "139.0": 0.0009426547471111468,
        "140.0": 0.0009027918110930026,
        "141.0": 0.0008728370036805241,
        "142.0": 0.000884588505050035,
        "143.0": 0.000803249681845382,
        "144.0": 0.0007988716715312506,
        "145.0": 0.0007924198668577937,
        "146.0": 0.0007174176375288574,
        "147.0": 0.0007011729150474749,
        "148.0": 0.0006726006372078802,
        "149.0": 0.0006380373978857897,
        "150.0": 0.0006171842434947951,
        "151.0": 0.0005755931455105463,
        "152.0": 0.0005532422507489278,
        "153.0": 0.000520061540999721,
        "154.0": 0.0005085404612256908,
        "155.0": 0.000488724204014359,
        "156.0": 0.00045623475905159395,
        "157.0": 0.0004159109798424884,
        "158.0": 0.00041049607234869425,
        "159.0": 0.00038249984849780095,
        "160.0": 0.0003797347893520337,
        "161.0": 0.00035231461948984197,
        "162.0": 0.0003374524265813431,
        "163.0": 0.00030427171683213624,
        "164.0": 0.00028134476808181624,
        "165.0": 0.0002703997422964876,
        "166.0": 0.00024320999402977647,
        "167.0": 0.0002309976494693045,
        "168.0": 0.00021164223544893385,
        "169.0": 0.00020173410684326792,
        "170.0": 0.00017903757968842853,
        "171.0": 0.00015933653327483696,
        "172.0": 0.00015299993939912039,
        "173.0": 0.00013352931458100942,
        "174.0": 0.0001392898544680245,
        "175.0": 0.00011901275406573145,
        "176.0": 0.00010357450716853104,
        "177.0": 0.00010057902642728321,
        "178.0": 8.940357904647396e-05,
        "179.0": 7.361969975605265e-05,
        "180.0": 6.14073551955807e-05,
        "181.0": 5.507076131986412e-05,
        "182.0": 4.527784351193849e-05,
        "183.0": 4.147588718650854e-05,
        "184.0": 3.87108280407413e-05,
        "185.0": 2.8341856244114167e-05,
        "186.0": 2.534637550286633e-05,
        "187.0": 2.1198786784215476e-05,
        "188.0": 1.53230360994601e-05,
        "189.0": 1.4170928122057084e-05,
        "190.0": 8.640809830522611e-06,
        "191.0": 6.221383077976281e-06,
        "192.0": 6.221383077976281e-06,
        "193.0": 3.917167123170251e-06,
        "194.0": 3.225902336728442e-06,
        "195.0": 2.4194267525463313e-06,
        "196.0": 5.760539887015075e-07,
        "197.0": 6.91264786441809e-07,
        "198.0": 1.1521079774030149e-07,
        "-199.0": 1.1521079774030149e-07,
        "-198.0": 4.6084319096120597e-07,