{
    "radius": 0.17,
    "ball_number": 2,
    "first_quarter_probability": 0.24864545558336543,
    "x_velocity_distribution": {
        "0.0": 0.009884937025682071,
        "1.0": 0.010210693080113251,
        "2.0": 0.009929815247728983,
        "3.0": 0.009906957273299755,
        "4.0": 0.009895109422679372,
        "5.0": 0.009948125562324122,
        "6.0": 0.009851068927444003,
        "7.0": 0.00997780502650448,
        "8.0": 0.00977016845250077,
        "9.0": 0.009890083061810117,
        "10.0": 0.009864592231687471,
        "11.0": 0.009702671606542215,
        "12.0": 0.009663418121658517,
        "13.0": 0.009808943236349302,
        "14.0": 0.009482828156141746,
        "15.0": 0.009619138275905565,
        "16.0": 0.00942059702157003,
        "17.0": 0.00933921784559163,
        "18.0": 0.00930870065459973,
        "19.0": 0.009307025200976645,
        "20.0": 0.009150370287218228,
        "21.0": 0.009082394740224506,
        "22.0": 0.009065400853476076,
        "23.0": 0.008819827222435378,
        "24.0": 0.008809535150179286,
        "25.0": 0.008662454257124209,
        "26.0": 0.00850651739491854,
        "27.0": 0.008437225420078109,
        "28.0": 0.008424659517904975,
        "29.0": 0.008237966114189824,
        "30.0": 0.008113025144011222,
        "31.0": 0.007849619899410552,
        "32.0": 0.007800553043305928,
        "33.0": 0.00771307042912915,
        "34.0": 0.0076032085415583105,
        "35.0": 0.00741316423059699,
        "36.0": 0.007240353156901684,
        "37.0": 0.007084416294696016,
        "38.0": 0.006875941993880765,
        "39.0": 0.0066817090488617325,
        "40.0": 0.006670459574535307,
        "41.0": 0.006547912109532541,
        "42.0": 0.006389821092668621,
        "43.0": 0.006087760739478211,
        "44.0": 0.005890535912989385,
        "45.0": 0.005781511752230089,
        "46.0": 0.005643526178843185,
        "47.0": 0.005447617780201069,
        "48.0": 0.00521425102555713,
        "49.0": 0.005199889994502119,
        "50.0": 0.0050017077659429586,
        "51.0": 0.0047874890527057025,
        "52.0": 0.004573509689986029,
        "53.0": 0.004415777698898485,
        "54.0": 0.004350674358115766,
        "55.0": 0.004086551061962344,
        "56.0": 0.003923074658452795,
        "57.0": 0.0037745576622922167,
        "58.0": 0.003601148212302952,
        "59.0": 0.0034647184172803412,
        "60.0": 0.003202509925267588,
        "61.0": 0.003058301238423513,
        "62.0": 0.002881899906964454,
        "63.0": 0.0028394151900933778,
        "64.0": 0.0026542775647425197,
        "65.0": 0.0025104279036748203,
        "66.0": 0.002304706133811779,
        "67.0": 0.002248698112697234,
        "68.0": 0.002068706523474422,
        "69.0": 0.0019145647901506304,
        "70.0": 0.0018134391964715903,
        "71.0": 0.0016476889630449981,
        "72.0": 0.0015380664259917428,
        "73.0": 0.0014430442705110828,
        "74.0": 0.001286628707270248,
        "75.0": 0.0012090791395731853,
        "76.0": 0.0010742051229148681,
        "77.0": 0.0009990490603936407,
        "78.0": 0.0008782967242727515,
        "79.0": 0.0008161852649598262,
        "80.0": 0.0006917229958163923,
        "81.0": 0.0006239867993402542,
        "82.0": 0.0005652262472734984,
        "83.0": 0.00045069702460978086,
        "84.0": 0.0004161108748189613,
        "85.0": 0.00033533007513452095,
        "86.0": 0.0002960765902508226,
        "87.0": 0.00024689005888740785,
        "88.0": 0.00018872788311461084,
        "89.0": 0.00016060419729854646,
        "90.0": 0.0001235048670730998,
        "91.0": 9.717631013891186e-05,
        "92.0": 7.144612949868274e-05,
        "93.0": 5.277678912716765e-05,
        "94.0": 3.159426832102553e-05,
        "95.0": 1.986609295943272e-05,
        "96.0": 1.1369149585217521e-05,
        "97.0": 4.547659834087008e-06,
        "98.0": 1.316427846709397e-06,
        "-39.0": 0.006914477427211713,
        "-99.0": 1.1967525879176338e-06,
        "-98.0": 4.308309316503482e-06,
        "-97.0": 1.1847850620384575e-05,
        "-96.0": 2.094317028855859e-05,
        "-95.0": 3.410744875565256e-05,
        "-94.0": 5.4212892232668806e-05,
        "-93.0": 7.336093363935095e-05,
        "-92.0": 9.095319668174017e-05,
        "-91.0": 0.0001176407793923034,
        "-90.0": 0.00016287802721558995,
        "-89.0": 0.00018872788311461084,
        "-88.0": 0.00024234239905332084,
        "-87.0": 0.00028315166230131214,
        "-86.0": 0.0003247986523608458,
        "-85.0": 0.00040557945204528606,
        "-84.0": 0.0004544069576323255,
        "-83.0": 0.0005587637832987432,
        "-82.0": 0.0006296115365034671,
        "-81.0": 0.000687295011241097,
        "-80.0": 0.0007918911874250982,
        "-79.0": 0.000888588796528843,
        "-78.0": 0.0009960571789238465,
        "-77.0": 0.0010676229836813211,
        "-76.0": 0.0012135071241484805,
        "-75.0": 0.0012897402639988338,
        "-74.0": 0.0014284438889384877,
        "-73.0": 0.0015508716786824615,
        "-72.0": 0.0017064495151117539,
        "-71.0": 0.0018120030933660893,
        "-70.0": 0.0019201895273138433,
        "-69.0": 0.002039266409811648,
        "-68.0": 0.0022308664991372612,
        "-67.0": 0.002309852169939825,
        "-66.0": 0.002458369166100403,
        "-65.0": 0.002657748147247481,
        "-64.0": 0.0028062651434080594,
        "-63.0": 0.0028917132781853786,
        "-62.0": 0.0030963579707192937,
        "-61.0": 0.0032101691418302608,
        "-60.0": 0.0034371931077582358,
        "-59.0": 0.003636452413646522,
        "-58.0": 0.003835233018499641,
        "-57.0": 0.003878196436405884,
        "-56.0": 0.004122692990117457,
        "-55.0": 0.004287126795697339,
        "-54.0": 0.004387175312047254,
        "-53.0": 0.00457901475189045,
        "-52.0": 0.004848523434689501,
        "-51.0": 0.005009845683540798,
        "-50.0": 0.005255179964063913,
        "-49.0": 0.005238545103091858,
        "-48.0": 0.0054769382186050505,
        "-47.0": 0.0055991266578314415,
        "-46.0": 0.005810951865892863,
        "-45.0": 0.005957554057912772,
        "-44.0": 0.006075314512563867,
        "-43.0": 0.0062810362824269085,
        "-42.0": 0.006448342294217794,
        "-41.0": 0.006651790234163792,
        "-40.0": 0.00675411258043075,
        "-8.0": 0.010135058316556856,
        "-38.0": 0.007138748862187477,
        "-37.0": 0.007307490977083863,
        "-36.0": 0.007449425834010895,
        "-35.0": 0.007574247128930704,
        "-34.0": 0.007660772341037149,
        "-33.0": 0.007766445594550276,
        "-32.0": 0.008006633838945345,
        "-31.0": 0.008134087989558574,
        "-30.0": 0.008196917500424249,
        "-29.0": 0.008275544145450437,
        "-28.0": 0.00836601864109701,
        "-27.0": 0.008563841843879795,
        "-26.0": 0.008558456457234166,
        "-25.0": 0.008794097041795148,
        "-24.0": 0.008879664851831259,
        "-23.0": 0.009080360260825046,
        "-22.0": 0.009026147368592377,
        "-21.0": 0.009170475730695243,
        "-20.0": 0.009337303041450962,
        "-19.0": 0.009362554521056023,
        "-18.0": 0.009334311159981169,
        "-17.0": 0.009450156810491595,
        "-16.0": 0.009564446682637728,
        "-15.0": 0.00948103302725987,
        "-14.0": 0.009657793384495305,
        "-13.0": 0.009731034642875863,
        "-12.0": 0.009812294143595472,
        "-11.0": 0.009730436266581904,
        "-10.0": 0.009892117541209578,
        "-9.0": 0.009685677719793786,
        "-2.0": 0.009994200536958951,
        "-7.0": 0.009974573794517102,
        "-6.0": 0.009855855937795673,
        "-5.0": 0.009941064722055408,
        "-4.0": 0.01002268324855139,
        "-3.0": 0.01002340130010414,
        "-1.0": 0.009883740273094153
    }
}