{
    "radius": 0.14,
    "ball_number": 2,
    "first_quarter_probability": 0.2489835750238158,
    "x_velocity_distribution": {
        "0.0": 0.004913261494870673,
        "1.0": 0.004974656102731236,
        "2.0": 0.004905587168888102,
        "3.0": 0.004940911639954934,
        "4.0": 0.004848594012694012,
        "5.0": 0.004941250213160047,
        "6.0": 0.0049610003167916625,
        "7.0": 0.005052527939907319,
        "8.0": 0.004975558964611539,
        "9.0": 0.005097671033922439,
        "10.0": 0.004962016036407002,
        "11.0": 0.004874551291752707,
        "12.0": 0.004840355398036253,
        "13.0": 0.004993277629012473,
        "14.0": 0.005026006372173436,
        "15.0": 0.004897235696495305,
        "16.0": 0.0048786141702140675,
        "17.0": 0.004946103095766673,
        "18.0": 0.004991810478456982,
        "19.0": 0.004943507367860803,
        "20.0": 0.00483742109692527,
        "21.0": 0.004926691565340171,
        "22.0": 0.004837759670130383,
        "23.0": 0.004911568628845105,
        "24.0": 0.004931770163416871,
        "25.0": 0.004772076468338383,
        "26.0": 0.004756389243168129,
        "27.0": 0.004832455356583607,
        "28.0": 0.004875228438162934,
        "29.0": 0.004851528313804995,
        "30.0": 0.004808529516755593,
        "31.0": 0.0047539063729972976,
        "32.0": 0.004718243328725352,
        "33.0": 0.0047600006906893385,
        "34.0": 0.004751536360561503,
        "35.0": 0.00470086323752953,
        "36.0": 0.004680323129752651,
        "37.0": 0.00468754602479507,
        "38.0": 0.0045950026820640736,
        "39.0": 0.004653575846548692,
        "40.0": 0.0046519958382581625,
        "41.0": 0.004598952702790396,
        "42.0": 0.004578525452748554,
        "43.0": 0.004496252163905997,
        "44.0": 0.004475373482924004,
        "45.0": 0.004465893433180828,
        "46.0": 0.0044482876265149315,
        "47.0": 0.004362064316946052,
        "48.0": 0.00441759032258465,
        "49.0": 0.004352358551732801,
        "50.0": 0.004342539928784512,
        "51.0": 0.004270198120625282,
        "52.0": 0.004276856726992512,
        "53.0": 0.004317936942546272,
        "54.0": 0.004241757971395756,
        "55.0": 0.004222572156439329,
        "56.0": 0.004139508863451507,
        "57.0": 0.004156888954647329,
        "58.0": 0.004181830514090683,
        "59.0": 0.004152938933921006,
        "60.0": 0.004107118693495659,
        "61.0": 0.003979702310637981,
        "62.0": 0.00407675996277049,
        "63.0": 0.003938170664144071,
        "64.0": 0.003896526159915122,
        "65.0": 0.0038316329622683862,
        "66.0": 0.003815268590687905,
        "67.0": 0.0037978884994920837,
        "68.0": 0.003804998536799465,
        "69.0": 0.0037396539082125784,
        "70.0": 0.0037219352438116436,
        "71.0": 0.003762564028425252,
        "72.0": 0.0035922617062532102,
        "73.0": 0.0036034346220219526,
        "74.0": 0.0035519714948447152,
        "75.0": 0.0035834588029202614,
        "76.0": 0.003479968259890598,
        "77.0": 0.0034274894130980203,
        "78.0": 0.0034001778412188727,
        "79.0": 0.0033825720345529754,
        "80.0": 0.003308085929428027,
        "81.0": 0.003336526078657553,
        "82.0": 0.0032561713713106385,
        "83.0": 0.003244998455541896,
        "84.0": 0.003221749762124109,
        "85.0": 0.003099299119608095,
        "86.0": 0.0031179206458893318,
        "87.0": 0.003071423259053758,
        "88.0": 0.003001564321065359,
        "89.0": 0.002962854117947393,
        "90.0": 0.0029269653582053726,
        "91.0": 0.0028462720776533446,
        "92.0": 0.002862523591498788,
        "93.0": 0.002855074980986293,
        "94.0": 0.002764111646545825,
        "95.0": 0.0027005727417195435,
        "96.0": 0.0026975255828735225,
        "97.0": 0.0026148008630908146,
        "98.0": 0.002620105176637591,
        "99.0": 0.0025346718712139756,
        "100.0": 0.0025029588476683535,
        "101.0": 0.002493591655660216,
        "102.0": 0.0023614352479309508,
        "103.0": 0.0024264413033127244,
        "104.0": 0.00228706200054104,
        "105.0": 0.0022519632449442837,
        "106.0": 0.0022318745681075554,
        "107.0": 0.002161677056914043,
        "108.0": 0.00213154404165895,
        "109.0": 0.0020930595540110597,
        "110.0": 0.002017444871535733,
        "111.0": 0.002031100657475307,
        "112.0": 0.001942620193205671,
        "113.0": 0.0019648531670081178,
        "114.0": 0.0018785169997041998,
        "115.0": 0.0018740026903026879,
        "116.0": 0.0017714150091533267,
        "117.0": 0.001763740683170756,
        "118.0": 0.0017225476098819588,
        "119.0": 0.0017150989993694639,
        "120.0": 0.001674808787960969,
        "121.0": 0.0016205242174077866,
        "122.0": 0.0015999841096309066,
        "123.0": 0.0015304637448476212,
        "124.0": 0.0015089079174554012,
        "125.0": 0.0014688434215169818,
        "126.0": 0.0014044016548103973,
        "127.0": 0.0013400727458388506,
        "128.0": 0.0013243855206685963,
        "129.0": 0.0013592585607952769,
        "130.0": 0.0012980896684047886,
        "131.0": 0.0012012577317423554,
        "132.0": 0.0011956148449904652,
        "133.0": 0.0011740590175982452,
        "134.0": 0.001104312937344884,
        "135.0": 0.0011237244677713859,
        "136.0": 0.0010230553681176674,
        "137.0": 0.0010291496858097085,
        "138.0": 0.00101007672858832,
        "139.0": 0.0009615479025220656,
        "140.0": 0.000900604725601653,
        "141.0": 0.0008883032324825327,
        "142.0": 0.0008334543732541614,
        "143.0": 0.000841015841501694,
        "144.0": 0.0008139299850926218,
        "145.0": 0.0007313181230449513,
        "146.0": 0.0007140508895841678,
        "147.0": 0.0006906893384313429,
        "148.0": 0.0006891093301408137,
        "149.0": 0.0006203789695027928,
        "150.0": 0.0005923902512134182,
        "151.0": 0.0005759130218978992,
        "152.0": 0.0005656429680094593,
        "153.0": 0.0005324627939083458,
        "154.0": 0.0005060540839095003,
        "155.0": 0.0004659895879710809,
        "156.0": 0.00046271671365498467,
        "157.0": 0.00041746076190482637,
        "158.0": 0.00040549784199081946,
        "159.0": 0.0003946634994271906,
        "160.0": 0.00037773483917152037,
        "161.0": 0.0003594518860953966,
        "162.0": 0.00032232169126796006,
        "163.0": 0.0002893672326369221,
        "164.0": 0.00029896014011513523,
        "165.0": 0.00027176142597102514,
        "166.0": 0.00022390974631499746,
        "167.0": 0.00024444985409187724,
        "168.0": 0.00022357117310988406,
        "169.0": 0.00019400244652998015,
        "170.0": 0.00017549377798378076,
        "171.0": 0.00017470377383851614,
        "172.0": 0.0001499879298652377,
        "173.0": 0.00013621928619062597,
        "174.0": 0.00012820638700294207,
        "175.0": 0.00011274487730276333,
        "176.0": 0.00011037486486696952,
        "177.0": 8.92704684149007e-05,
        "178.0": 7.313181230449514e-05,
        "179.0": 7.87746990563852e-05,
        "180.0": 6.274890068101743e-05,
        "181.0": 5.8911737689732195e-05,
        "182.0": 4.187021969902422e-05,
        "183.0": 4.0177353673457205e-05,
        "184.0": 3.8710203117965786e-05,
        "185.0": 3.193873901569772e-05,
        "186.0": 2.686014093899667e-05,
        "187.0": 2.1217254187106612e-05,
        "188.0": 1.8282953076123785e-05,
        "189.0": 1.286578179430933e-05,
        "190.0": 9.9314806833265e-06,
        "191.0": 7.561468247532676e-06,
        "192.0": 5.5300290168522555e-06,
        "193.0": 6.094317692041261e-06,
        "194.0": 3.0471588460206306e-06,
        "195.0": 1.692866025567017e-06,
        "196.0": 9.02861880302409e-07,
        "197.0": 1.1285773503780113e-07,
        "198.0": 2.2571547007560226e-07,
        "-199.0": 1.1285773503780113e-07,
        "-198.0": 1.1285773503780113e-07,