{
    "radius": 0.12,
    "ball_number": 2,
    "first_quarter_probability": 0.2512660069466051,
    "x_velocity_distribution": {
        "0.0": 0.00999111297304356,
        "1.0": 0.00991847861811113,
        "2.0": 0.010068896369728367,
        "3.0": 0.00987947736568889,
        "4.0": 0.009835655733753787,
        "5.0": 0.010047204661920491,
        "6.0": 0.009863044253713225,
        "7.0": 0.009875423864734893,
        "8.0": 0.009980267119139623,
        "9.0": 0.009946962678868946,
        "10.0": 0.009739576805736077,
        "11.0": 0.009845625155019022,
        "12.0": 0.009572178171743988,
        "13.0": 0.009744506739328775,
        "14.0": 0.00961205585680493,
        "15.0": 0.009483329812995567,
        "16.0": 0.009456050847115966,
        "17.0": 0.009532738703002395,
        "18.0": 0.009457584604233696,
        "19.0": 0.009341895495925026,
        "20.0": 0.00918797201375298,
        "21.0": 0.00909879499276505,
        "22.0": 0.00880201299048457,
        "23.0": 0.008904226946973196,
        "24.0": 0.0089001734460192,
        "25.0": 0.008734637231384351,
        "26.0": 0.008541712496790066,
        "27.0": 0.008415177534577458,
        "28.0": 0.008395457800206663,
        "29.0": 0.008065700019895022,
        "30.0": 0.00800380196478669,
        "31.0": 0.00796381472564591,
        "32.0": 0.007880224962729701,
        "33.0": 0.007723343520402037,
        "34.0": 0.007509932172878091,
        "35.0": 0.007367730977248685,
        "36.0": 0.00729772592023236,
        "37.0": 0.007078727314636688,
        "38.0": 0.006935321024129067,
        "39.0": 0.006714240891016477,
        "40.0": 0.006566342883235509,
        "41.0": 0.006428414296719776,
        "42.0": 0.0063847022188645115,
        "43.0": 0.00611837625077893,
        "44.0": 0.005984282057057518,
        "45.0": 0.005834740738078982,
        "46.0": 0.0056453217340395045,
        "47.0": 0.005481867046921574,
        "48.0": 0.005180812435527424,
        "49.0": 0.005111136040750612,
        "50.0": 0.00491163806136606,
        "51.0": 0.004690777036413147,
        "52.0": 0.004583633146331823,
        "53.0": 0.004440445963983877,
        "54.0": 0.004329248572948556,
        "55.0": 0.004102800289923917,
        "56.0": 0.003909546893090117,
        "57.0": 0.003754199207880181,
        "58.0": 0.0035731063139083723,
        "59.0": 0.003507592974165395,
        "60.0": 0.0032468542641515387,
        "61.0": 0.003145188078062102,
        "62.0": 0.0030015626793948058,
        "63.0": 0.002865606066316152,
        "64.0": 0.002654276246309123,
        "65.0": 0.0024919170999895706,
        "66.0": 0.0023199171946442954,
        "67.0": 0.002167308361430303,
        "68.0": 0.002042745372654776,
        "69.0": 0.0019392167672080975,
        "70.0": 0.0017690792812200644,
        "71.0": 0.0016877901539804503,
        "72.0": 0.0015406590247583455,
        "73.0": 0.001397581396490238,
        "74.0": 0.0012772910168283831,
        "75.0": 0.001151742041334316,
        "76.0": 0.0010915968515033886,
        "77.0": 0.0009679102953665636,
        "78.0": 0.0009062313484179077,
        "79.0": 0.0008086186632824681,
        "80.0": 0.0007056378282349786,
        "81.0": 0.0005994799248721942,
        "82.0": 0.000518300351712418,
        "83.0": 0.00048543412776109145,
        "84.0": 0.0003982290802102387,
        "85.0": 0.00035166859627919287,
        "86.0": 0.00030861384290295523,
        "87.0": 0.00023324063597457995,
        "88.0": 0.00019763556002730964,
        "89.0": 0.00016345468711793015,
        "90.0": 0.00011590821646834457,
        "91.0": 9.728402289592626e-05,
        "92.0": 7.351078757113346e-05,
        "93.0": 4.886111960763864e-05,
        "94.0": 3.4399981069055e-05,
        "95.0": 1.6214003815987708e-05,
        "96.0": 1.0078975345073441e-05,
        "97.0": 2.7388519959438698e-06,
        "98.0": 8.764326387020383e-07,
        "99.0": 2.1910815967550957e-07,
        "-100.0": 2.1910815967550957e-07,
        "-99.0": 1.095540798377548e-06,
        "-98.0": 2.7388519959438698e-06,
        "-97.0": 1.051719166442446e-05,
        "-96.0": 1.7309544614365256e-05,
        "-95.0": 3.6481508585972346e-05,
        "-94.0": 4.7436916569747825e-05,
        "-93.0": 6.825219173892123e-05,
        "-92.0": 9.969421265235686e-05,
        "-91.0": 0.0001187566225441262,
        "-90.0": 0.0001589629698445822,
        "-89.0": 0.00020223683138049535,
        "-88.0": 0.0002309400002979871,
        "-87.0": 0.0003043412337892828,
        "-86.0": 0.0003499157310017888,
        "-85.0": 0.0003969144312521856,
        "-84.0": 0.0004783131125716374,
        "-83.0": 0.0005291462056163556,
        "-82.0": 0.0006240200387558513,
        "-81.0": 0.000684493890826292,
        "-80.0": 0.000812672164236465,
        "-79.0": 0.0009151052288847658,
        "-78.0": 0.000965061889290782,
        "-77.0": 0.0010872146883098785,
        "-76.0": 0.0011672987206712772,
        "-75.0": 0.0012712655424373066,
        "-74.0": 0.0013902412731411082,
        "-73.0": 0.0015329902391697028,
        "-72.0": 0.0016622640533782535,
        "-71.0": 0.0017903327727085887,
        "-70.0": 0.0019508294996708996,
        "-69.0": 0.0020473466440079613,
        "-68.0": 0.002159310913602147,
        "-67.0": 0.002315535031450785,
        "-66.0": 0.0025204011607473866,
        "-65.0": 0.0026115501551723986,
        "-64.0": 0.0028794098803757093,
        "-63.0": 0.002962999643291916,
        "-62.0": 0.00316479825835306,
        "-61.0": 0.0032144262565195632,
        "-60.0": 0.0034579649759988924,
        "-59.0": 0.0036547241033874998,
        "-58.0": 0.003786846323671832,
        "-57.0": 0.0039031927564595276,
        "-56.0": 0.004084942974910363,
        "-55.0": 0.004328481694389692,
        "-54.0": 0.0044451567894169,
        "-53.0": 0.0046000662583074855,
        "-52.0": 0.004753880186399694,
        "-51.0": 0.004933548877333611,
        "-50.0": 0.005124939854810169,
        "-49.0": 0.005155067226765552,
        "-48.0": 0.005432896373234098,
        "-47.0": 0.0056869522843778515,
        "-46.0": 0.005743810851813646,
        "-45.0": 0.006004440007747664,
        "-44.0": 0.006072253983167235,
        "-43.0": 0.006425346782484319,
        "-42.0": 0.006456350587078403,
        "-41.0": 0.006643578509521126,
        "-40.0": 0.00674436826297186,
        "-39.0": 0.007023731166558135,
        "-38.0": 0.00702690823487343,
        "-37.0": 0.007256204923973851,
        "-36.0": 0.0073510787571133464,
        "-35.0": 0.007536663368358503,
        "-34.0": 0.007669881129441213,
        "-33.0": 0.007854260645808154,
        "-32.0": 0.007929195636417178,
        "-31.0": 0.007999091139353666,
        "-30.0": 0.008125187885246922,
        "-29.0": 0.008301131737466355,
        "-28.0": 0.0084971239862961,
        "-27.0": 0.008634395248332805,
        "-26.0": 0.008830058834923035,
        "-25.0": 0.008924823113982693,
        "-24.0": 0.008891409119632179,
        "-23.0": 0.009071844689124961,
        "-22.0": 0.009084881624625655,
        "-21.0": 0.009299059850708464,
        "-20.0": 0.009255785989172552,
        "-19.0": 0.009474236824369034,
        "-18.0": 0.00941398208045827,
        "-17.0": 0.009449039386006351,
        "-16.0": 0.009399849604159198,
        "-15.0": 0.009542817678347469,
        "-14.0": 0.009725006113117655,
        "-13.0": 0.009600224016182452,
        "-12.0": 0.009695536065641299,
        "-11.0": 0.009844748722380321,
        "-10.0": 0.009937321919843223,
        "-9.0": 0.00977452455720432,
        "-8.0": 0.009929872242414256,
        "-7.0": 0.01000677920646036,
        "-6.0": 0.009909385629484596,
        "-5.0": 0.009900949965337089,
        "-4.0": 0.010026608494910993,
        "-3.0": 0.009916725752833725,
        "-2.0": 0.009770690164409998,
        "-1.0": 0.00981067740355078
    }
}