{
    "radius": 0.19,
    "ball_number": 2,
    "first_quarter_probability": 0.25802971156471805,
    "x_velocity_distribution": {
        "0.0": 0.009757438106305074,
        "1.0": 0.009675592527112439,
        "2.0": 0.009811628101660929,
        "3.0": 0.009801412976099596,
        "4.0": 0.009881763658868623,
        "5.0": 0.009929475769722168,
        "6.0": 0.009989520776070496,
        "7.0": 0.009887120371053224,
        "8.0": 0.009967097329716349,
        "9.0": 0.009828694835830475,
        "10.0": 0.009815489917421922,
        "11.0": 0.00971109631717317,
        "12.0": 0.00976802695597231,
        "13.0": 0.009611561130301151,
        "14.0": 0.009568209134016467,
        "15.0": 0.009519251276143247,
        "16.0": 0.009468798521846416,
        "17.0": 0.009392558804242317,
        "18.0": 0.00939729264291708,
        "19.0": 0.009320928350611013,
        "20.0": 0.009258142700819403,
        "21.0": 0.009063432441644226,
        "22.0": 0.009109649656074163,
        "23.0": 0.008984825804702746,
        "24.0": 0.008936989119147231,
        "25.0": 0.008635767489789857,
        "26.0": 0.00844118180531665,
        "27.0": 0.00833766022798167,
        "28.0": 0.008286086301367132,
        "29.0": 0.008159642978870138,
        "30.0": 0.008007163543661938,
        "31.0": 0.007872622865537056,
        "32.0": 0.007859916245936373,
        "33.0": 0.007815941376141852,
        "34.0": 0.00755171843326882,
        "35.0": 0.007367098724953011,
        "36.0": 0.0073656038285294005,
        "37.0": 0.007050180683147733,
        "38.0": 0.006906546051779225,
        "39.0": 0.006671847313272488,
        "40.0": 0.006586264493020827,
        "41.0": 0.006424192805761132,
        "42.0": 0.006325654216504852,
        "43.0": 0.0061290753368001645,
        "44.0": 0.006003753186620876,
        "45.0": 0.00578973384864074,
        "46.0": 0.005651331354754867,
        "47.0": 0.005572226419005515,
        "48.0": 0.005302895913351817,
        "49.0": 0.005081651242657567,
        "50.0": 0.005030077316043029,
        "51.0": 0.004800112416211056,
        "52.0": 0.004607893651075229,
        "53.0": 0.004468619134275583,
        "54.0": 0.004324361629397238,
        "55.0": 0.004057771767186824,
        "56.0": 0.003964714464817115,
        "57.0": 0.0037932996749098576,
        "58.0": 0.003693764488037839,
        "59.0": 0.0034594394736370032,
        "60.0": 0.0032779341328703806,
        "61.0": 0.003140652811302214,
        "62.0": 0.0029924089159609093,
        "63.0": 0.0027888538529460423,
        "64.0": 0.002669386713759226,
        "65.0": 0.002548673827552735,
        "66.0": 0.0023509737755303393,
        "67.0": 0.0022300117399199136,
        "68.0": 0.0020639536621972587,
        "69.0": 0.0019200698814248157,
        "70.0": 0.0017807953646251696,
        "71.0": 0.0016736611209331343,
        "72.0": 0.001539992465722025,
        "73.0": 0.0014392115318303312,
        "74.0": 0.001287728694237872,
        "75.0": 0.001213731321269187,
        "76.0": 0.0010608781619550853,
        "77.0": 0.0010019543279244658,
        "78.0": 0.0008868473033065116,
        "79.0": 0.0008081160916630623,
        "80.0": 0.0006803024474444248,
        "81.0": 0.0006450478067876271,
        "82.0": 0.0005549802972651368,
        "83.0": 0.0004903260269440131,
        "84.0": 0.00041084736708875896,
        "85.0": 0.00034731426908534265,
        "86.0": 0.00030097247995343896,
        "87.0": 0.0002543815414176003,
        "88.0": 0.0001893535469905742,
        "89.0": 0.0001613242390478905,
        "90.0": 0.00012818736832454001,
        "91.0": 9.330645177364477e-05,
        "92.0": 7.11321548234328e-05,
        "93.0": 4.447316860239143e-05,
        "94.0": 3.537921535876518e-05,
        "95.0": 2.1426848738407078e-05,
        "96.0": 1.0588849667236055e-05,
        "97.0": 4.110965164926939e-06,
        "98.0": 1.8686205295122451e-06,
        "99.0": 4.98298807869932e-07,
        "-28.0": 0.008376901259101427,
        "-100.0": 3.73724105902449e-07,
        "-99.0": 1.370321721642313e-06,
        "-98.0": 5.730436290504219e-06,
        "-97.0": 1.033970026330109e-05,
        "-96.0": 1.943365350692735e-05,
        "-95.0": 3.3012296021383e-05,
        "-94.0": 5.070190370076559e-05,
        "-93.0": 6.938810899588803e-05,
        "-92.0": 9.368017587954722e-05,
        "-91.0": 0.0001319246093835645,
        "-90.0": 0.00015858359560460587,
        "-89.0": 0.00018661290354728954,
        "-88.0": 0.00024840195572316113,
        "-87.0": 0.0002986055606160568,
        "-86.0": 0.0003488091655089524,
        "-85.0": 0.00042068876854419016,
        "-84.0": 0.0004939386933010702,
        "-83.0": 0.0005440177234919983,
        "-82.0": 0.0006381961981794154,
        "-81.0": 0.0006847871367152541,
        "-80.0": 0.0008134728038476641,
        "-79.0": 0.0008822380393337147,
        "-78.0": 0.0010018297532224983,
        "-77.0": 0.0010615010354649227,
        "-76.0": 0.001177604657698617,
        "-75.0": 0.0012823719820532701,
        "-74.0": 0.0014085661551463304,
        "-73.0": 0.0015077276179124468,
        "-72.0": 0.001690354130996777,
        "-71.0": 0.0017588702170788927,
        "-70.0": 0.0019204436055307182,
        "-69.0": 0.0020846330627238606,
        "-68.0": 0.0022321295098533607,
        "-67.0": 0.0023811208534064705,
        "-66.0": 0.002580938675362313,
        "-65.0": 0.0026611647834293723,
        "-64.0": 0.002835943090289751,
        "-63.0": 0.00300723330549504,
        "-62.0": 0.0030690223576709114,
        "-61.0": 0.00331705058928817,
        "-60.0": 0.0034875933562816546,
        "-59.0": 0.003650038767647252,
        "-58.0": 0.003748203632797629,
        "-57.0": 0.003926968330120967,
        "-56.0": 0.004105359303338402,
        "-55.0": 0.004360612867669775,
        "-54.0": 0.004450804951894233,
        "-53.0": 0.0047256167444345,
        "-52.0": 0.004798742094489413,
        "-51.0": 0.0049844829751229305,
        "-50.0": 0.005156894362645927,
        "-49.0": 0.005267890422098954,
        "-48.0": 0.0055176626995437576,
        "-47.0": 0.0056367561146246714,
        "-46.0": 0.005835079040156905,
        "-45.0": 0.005994783808079217,
        "-44.0": 0.006160219012292035,
        "-43.0": 0.0063129475969041695,
        "-42.0": 0.0063285194346501044,
        "-41.0": 0.006522980544421346,
        "-40.0": 0.006801280428616703,
        "-39.0": 0.006956375932566219,
        "-38.0": 0.00694640995640882,
        "-37.0": 0.007299080937678765,
        "-36.0": 0.007344176979790993,
        "-35.0": 0.007567663995120658,
        "-34.0": 0.007803483905945104,
        "-33.0": 0.007833132685013365,
        "-32.0": 0.007948987157843123,
        "-31.0": 0.008056245976237126,
        "-30.0": 0.008179574931184935,
        "-29.0": 0.008432586150880893,
        "-7.0": 0.00996846765143799,
        "-27.0": 0.008495994674182342,
        "-26.0": 0.008617081284494735,
        "-25.0": 0.008817023681152546,
        "-24.0": 0.00899055624099325,
        "-23.0": 0.009121857976866977,
        "-22.0": 0.009028426950391364,
        "-21.0": 0.009179162339772019,
        "-20.0": 0.009242695437775434,
        "-19.0": 0.009281811894193224,
        "-18.0": 0.009489851646478921,
        "-17.0": 0.009447496247809977,
        "-16.0": 0.00957207094977746,
        "-15.0": 0.00955475506620398,
        "-14.0": 0.009684686480356064,
        "-13.0": 0.00965715547122125,
        "-12.0": 0.009772262495839205,
        "-11.0": 0.009869430763373842,
        "-10.0": 0.009805523941264523,
        "-9.0": 0.009921253839392314,
        "-8.0": 0.009650054713209105,
        "-1.0": 0.009825829617685222,
        "-6.0": 0.009963609238061258,
        "-5.0": 0.00994878484852713,
        "-4.0": 0.009798796907358279,
        "-3.0": 0.009864198625891208,
        "-2.0": 0.009826826215300963
    }
}