{
    "radius": 0.22,
    "ball_number": 2,
    "first_quarter_probability": 0.0,
    "x_velocity_distribution": {
        "0.0": 0.009905348657608145,
        "1.0": 0.010086287418225566,
        "2.0": 0.00979840306565381,
        "3.0": 0.009866704452112041,
        "4.0": 0.00976365323745576,
        "5.0": 0.010036109864577524,
        "6.0": 0.009993721065525594,
        "7.0": 0.009784922528852841,
        "8.0": 0.009863109642298449,
        "9.0": 0.009814280142330503,
        "10.0": 0.00966449640009754,
        "11.0": 0.00987883693523291,
        "12.0": 0.009683668719103358,
        "13.0": 0.009643676459927157,
        "14.0": 0.009797055011973713,
        "15.0": 0.00954826421612476,
        "16.0": 0.009412410361919461,
        "17.0": 0.00938514972083306,
        "18.0": 0.009331227573629194,
        "19.0": 0.009226828305292818,
        "20.0": 0.009123627306894306,
        "21.0": 0.009101159745559362,
        "22.0": 0.008975341402083671,
        "23.0": 0.008979085995639496,
        "24.0": 0.008839936899105071,
        "25.0": 0.008733440658377434,
        "26.0": 0.008555946923831373,
        "27.0": 0.008550854276595451,
        "28.0": 0.00834714838715862,
        "29.0": 0.008252485062067386,
        "30.0": 0.008195417456276628,
        "31.0": 0.007907083752478172,
        "32.0": 0.00785795468502576,
        "33.0": 0.0076555968492690255,
        "34.0": 0.007476006142331701,
        "35.0": 0.007375051900066684,
        "36.0": 0.007238748694634686,
        "37.0": 0.007113829053612394,
        "38.0": 0.0070414835061138725,
        "39.0": 0.006795987952594044,
        "40.0": 0.00667346485144748,
        "41.0": 0.00646122128870337,
        "42.0": 0.006368804719745632,
        "43.0": 0.0061379879729646335,
        "44.0": 0.0060476683763981565,
        "45.0": 0.00581790011581279,
        "46.0": 0.005627824546919158,
        "47.0": 0.005324362685155173,
        "48.0": 0.005317023281785758,
        "49.0": 0.005061791785020787,
        "50.0": 0.004898976857213555,
        "51.0": 0.004734664091983994,
        "52.0": 0.004665613786814597,
        "53.0": 0.0044774854065699945,
        "54.0": 0.004269435788608407,
        "55.0": 0.003985895164561406,
        "56.0": 0.0039006682152308496,
        "57.0": 0.0037595719300473978,
        "58.0": 0.0035924132737154097,
        "59.0": 0.003445026071358173,
        "60.0": 0.003315612918068892,
        "61.0": 0.0031441105332121484,
        "62.0": 0.0029971726820816106,
        "63.0": 0.002757069343282169,
        "64.0": 0.0025985981439996934,
        "65.0": 0.002546024050475923,
        "66.0": 0.002348609078212876,
        "67.0": 0.0022734176396119283,
        "68.0": 0.0020554822946629654,
        "69.0": 0.0019070466061100982,
        "70.0": 0.0017927616107863468,
        "71.0": 0.001658106026518912,
        "72.0": 0.0015276443870340002,
        "73.0": 0.0013825039408102582,
        "74.0": 0.0012837964546787348,
        "75.0": 0.0011641192446345966,
        "76.0": 0.0010691563520588974,
        "77.0": 0.0009699995147006751,
        "78.0": 0.0008882175914414768,
        "79.0": 0.000762399247965787,
        "80.0": 0.000720459800140557,
        "81.0": 0.0006148622618663175,
        "82.0": 0.0005544994137464329,
        "83.0": 0.000479307975145485,
        "84.0": 0.0004053148064824007,
        "85.0": 0.00034180649977562393,
        "86.0": 0.0002862367314071943,
        "87.0": 0.0002371076639547821,
        "88.0": 0.00018857773147130174,
        "89.0": 0.00013345731432957096,
        "90.0": 0.00011907807507520641,
        "91.0": 8.717413797958508e-05,
        "92.0": 6.440700916017454e-05,
        "93.0": 4.5833825123287e-05,
        "94.0": 3.100523464222356e-05,
        "95.0": 2.2317777592711642e-05,
        "96.0": 1.0934213183006376e-05,
        "97.0": 5.691782204852634e-06,
        "98.0": 1.3480536800966765e-06,
        "99.0": 4.4935122669889216e-07,
        "-9.0": 0.009899357307918827,
        "-100.0": 4.4935122669889216e-07,
        "-99.0": 1.4978374223296405e-06,
        "-98.0": 5.54199846261967e-06,
        "-97.0": 1.0484861956307484e-05,
        "-96.0": 2.1568858881546824e-05,
        "-95.0": 3.355155826018395e-05,
        "-94.0": 4.628317634998589e-05,
        "-93.0": 6.485636038687344e-05,
        "-92.0": 9.061916405094325e-05,
        "-91.0": 0.00011653175145724602,
        "-90.0": 0.0001386997453077247,
        "-89.0": 0.00018947643392469953,
        "-88.0": 0.00023396220536788984,
        "-87.0": 0.00028219257036690427,
        "-86.0": 0.0003370134200241691,
        "-85.0": 0.00040636329267803147,
        "-84.0": 0.00047601273281635973,
        "-83.0": 0.0005389219045542047,
        "-82.0": 0.0006133644244439878,
        "-81.0": 0.0007072788308240562,
        "-80.0": 0.0007739325961177252,
        "-79.0": 0.0008981033184288524,
        "-78.0": 0.0009722462708341696,
        "-77.0": 0.0010652619747608403,
        "-76.0": 0.0011805954562802226,
        "-75.0": 0.0012680691617442737,
        "-74.0": 0.0013943368564466622,
        "-73.0": 0.0015408253563505012,
        "-72.0": 0.0016488194345004683,
        "-71.0": 0.0017801797764387776,
        "-70.0": 0.001894914122989228,
        "-69.0": 0.0020932277977056724,
        "-68.0": 0.00228360293408377,
        "-67.0": 0.0023689796671565594,
        "-66.0": 0.002525204110305541,
        "-65.0": 0.002640238024340457,
        "-64.0": 0.002766355935300613,
        "-63.0": 0.002990432413681127,
        "-62.0": 0.0031264360516286586,
        "-61.0": 0.0032838587647155038,
        "-60.0": 0.0034334927232062347,
        "-59.0": 0.0036300089930158836,
        "-58.0": 0.003749386635575556,
        "-57.0": 0.0039360171783978295,
        "-56.0": 0.004013605156874505,
        "-55.0": 0.004274378652102095,
        "-54.0": 0.004387615161230216,
        "-53.0": 0.004641199036830624,
        "-52.0": 0.004773458081222331,
        "-51.0": 0.00492953274062908,
        "-50.0": 0.00501850428351546,
        "-49.0": 0.005335446682080412,
        "-48.0": 0.005445837300106107,
        "-47.0": 0.005612846172695861,
        "-46.0": 0.005830032598933659,
        "-45.0": 0.006002733253728267,
        "-44.0": 0.00609485025520154,
        "-43.0": 0.006270995936067505,
        "-42.0": 0.006487882794820838,
        "-41.0": 0.006644257021712052,
        "-40.0": 0.006785503090637737,
        "-39.0": 0.00691551537889595,
        "-38.0": 0.0071667027146206305,
        "-37.0": 0.007354681311123001,
        "-36.0": 0.00740770475587347,
        "-35.0": 0.007434665829475403,
        "-34.0": 0.007650204634548638,
        "-33.0": 0.007925806720257292,
        "-32.0": 0.007957710657352913,
        "-31.0": 0.008207999290624197,
        "-30.0": 0.008262520572796996,
        "-29.0": 0.008358831519052791,
        "-28.0": 0.008453195276659558,
        "-27.0": 0.008585903672277965,
        "-26.0": 0.00857556859406389,
        "-25.0": 0.00883724079174488,
        "-24.0": 0.008874536943560886,
        "-23.0": 0.009013536256353077,
        "-22.0": 0.009092921639736549,
        "-21.0": 0.00909606709832344,
        "-20.0": 0.0092749088865496,
        "-19.0": 0.009340064814420939,
        "-18.0": 0.009393238042913641,
        "-17.0": 0.009504976714619433,
        "-16.0": 0.009669139696106761,
        "-15.0": 0.009728154490546549,
        "-14.0": 0.009742683513543146,
        "-13.0": 0.009764402156166927,
        "-12.0": 0.009771142424567409,
        "-11.0": 0.009692505959895103,
        "-10.0": 0.009853823050280005,
        "-2.0": 0.009996267389143554,
        "-8.0": 0.009870299261925631,
        "-7.0": 0.00993440670360134,
        "-6.0": 0.00995208118518483,
        "-5.0": 0.00986266029107175,
        "-4.0": 0.009805892252765458,
        "-3.0": 0.009942045674455221,
        "-1.0": 0.009762904318744596
    }
}