{
    "radius": 0.17,
    "ball_number": 2,
    "first_quarter_probability": 0.24864545558336543,
    "x_velocity_distribution": {
        "0.0": 0.004953358961391086,
        "1.0": 0.0049315780642909856,
        "2.0": 0.005205036030630165,
        "3.0": 0.005005657049483087,
        "4.0": 0.004970113497621933,
        "5.0": 0.00495970175010705,
        "6.0": 0.004886819517502866,
        "7.0": 0.00502013775579689,
        "8.0": 0.005000271662837457,
        "9.0": 0.004894837759841914,
        "10.0": 0.004916498981683223,
        "11.0": 0.005031626580640899,
        "12.0": 0.004879998027751735,
        "13.0": 0.004971070899692267,
        "14.0": 0.005075068699582309,
        "15.0": 0.00490273632692217,
        "16.0": 0.0048528317440060045,
        "17.0": 0.004917336708494765,
        "18.0": 0.004975259533749978,
        "19.0": 0.004914823528060139,
        "20.0": 0.004963411683129595,
        "21.0": 0.004901180548557877,
        "22.0": 0.004839787140797702,
        "23.0": 0.004862884465744513,
        "24.0": 0.004814894686969016,
        "25.0": 0.004848523434689501,
        "26.0": 0.004916618656942015,
        "27.0": 0.004892324579407287,
        "28.0": 0.004730523629520823,
        "29.0": 0.004752304526620924,
        "30.0": 0.0048141766354162655,
        "31.0": 0.0048049616404893,
        "32.0": 0.004753860304985216,
        "33.0": 0.004666736716584813,
        "34.0": 0.004706947603538845,
        "35.0": 0.004632270242052785,
        "36.0": 0.004688517613684913,
        "37.0": 0.004620183040914817,
        "38.0": 0.004671882752712859,
        "39.0": 0.004635142448263787,
        "40.0": 0.00464687062362538,
        "41.0": 0.0045034996635928476,
        "42.0": 0.004578296700337699,
        "43.0": 0.004504098039886806,
        "44.0": 0.004503858689369223,
        "45.0": 0.004561542164106853,
        "46.0": 0.004443781709455758,
        "47.0": 0.004376045512979619,
        "48.0": 0.004431455157800206,
        "49.0": 0.00437807999237908,
        "50.0": 0.004370181425298823,
        "51.0": 0.004292272831825385,
        "52.0": 0.004306514187621605,
        "53.0": 0.004200003207296936,
        "54.0": 0.004230041697253668,
        "55.0": 0.0042071837228244416,
        "56.0": 0.004222980856984954,
        "57.0": 0.0042016786609200205,
        "58.0": 0.004071591654613373,
        "59.0": 0.00416637445957645,
        "60.0": 0.004115632149848742,
        "61.0": 0.00399739299416248,
        "62.0": 0.0038895655859911013,
        "63.0": 0.00396005431341945,
        "64.0": 0.003926305890440173,
        "65.0": 0.0038742471528657556,
        "66.0": 0.0038686224157025426,
        "67.0": 0.0038444480134266065,
        "68.0": 0.0037713264303048393,
        "69.0": 0.0038318821112534713,
        "70.0": 0.00372525145567001,
        "71.0": 0.00368791277492698,
        "72.0": 0.003662182594286751,
        "73.0": 0.0035781705626149332,
        "74.0": 0.0035547142118917477,
        "75.0": 0.003529702082804269,
        "76.0": 0.003453229592436332,
        "77.0": 0.0034227124014444324,
        "78.0": 0.0033448038079709947,
        "79.0": 0.003336905240890738,
        "80.0": 0.003370414313352432,
        "81.0": 0.003300045261182875,
        "82.0": 0.0033213474572478087,
        "83.0": 0.003226564652284732,
        "84.0": 0.003197962265433501,
        "85.0": 0.003191858827235121,
        "86.0": 0.003032092356748117,
        "87.0": 0.0030556683827300942,
        "88.0": 0.0029887699130654987,
        "89.0": 0.0029017659999238865,
        "90.0": 0.0029166057320140653,
        "91.0": 0.0028649060202160233,
        "92.0": 0.0028804638038589527,
        "93.0": 0.0027630623749842326,
        "94.0": 0.002776825029745286,
        "95.0": 0.0026707927504557834,
        "96.0": 0.0026219652448687437,
        "97.0": 0.0025922857806883865,
        "98.0": 0.0026438658172276363,
        "99.0": 0.002556024177274482,
        "100.0": 0.0025720606619525784,
        "101.0": 0.00242964710399038,
        "102.0": 0.002437186645294261,
        "103.0": 0.002350302407411441,
        "104.0": 0.0022999191234601086,
        "105.0": 0.0022735905665259206,
        "106.0": 0.002230028772325719,
        "107.0": 0.0021857489265727664,
        "108.0": 0.0021931687926178556,
        "109.0": 0.0021575055654979103,
        "110.0": 0.002021913497286842,
        "111.0": 0.002064637564675502,
        "112.0": 0.001978830404121807,
        "113.0": 0.0019442442543309878,
        "114.0": 0.0018845263001938978,
        "115.0": 0.001890031362098319,
        "116.0": 0.0018178671810468857,
        "117.0": 0.001783281031256066,
        "118.0": 0.0017804088250450638,
        "119.0": 0.0016843095922352777,
        "120.0": 0.0015993401584931258,
        "121.0": 0.001603169766774462,
        "122.0": 0.0015003687194723374,
        "123.0": 0.0015579325189511756,
        "124.0": 0.0014467542035336274,
        "125.0": 0.0014351457034308265,
        "126.0": 0.0014413688168879982,
        "127.0": 0.0013980463732053798,
        "128.0": 0.0013666914554019377,
        "129.0": 0.0012875861093405822,
        "130.0": 0.0012869877330466233,
        "131.0": 0.001223440170628197,
        "132.0": 0.0011737749382296151,
        "133.0": 0.001130931195582164,
        "134.0": 0.001134521453345917,
        "135.0": 0.001114176659351317,
        "136.0": 0.0010619982465181082,
        "137.0": 0.0010067082769563136,
        "138.0": 0.0009819354983864185,
        "139.0": 0.000932629291764212,
        "140.0": 0.0009340653948697132,
        "141.0": 0.0008793738016018772,
        "142.0": 0.0008295888939445037,
        "143.0": 0.0008181000691004944,
        "144.0": 0.0007801630120635054,
        "145.0": 0.0007579034139282375,
        "146.0": 0.0007456965375314776,
        "147.0": 0.0006973477329796051,
        "148.0": 0.0006935181246982687,
        "149.0": 0.0005931105825719793,
        "150.0": 0.0006208752426116684,
        "151.0": 0.000588203896961517,
        "152.0": 0.0005562506028641162,
        "153.0": 0.0005179545200507519,
        "154.0": 0.0005047902415836579,
        "155.0": 0.0004942588188099827,
        "156.0": 0.00046577610721754305,
        "157.0": 0.00041252061705520835,
        "158.0": 0.00042173561198217415,
        "159.0": 0.0003944496529776521,
        "160.0": 0.00035663227119945483,
        "161.0": 0.00033509072461693744,
        "162.0": 0.00031558365743388004,
        "163.0": 0.0003084031419063742,
        "164.0": 0.0002954782139568638,
        "165.0": 0.00026974803331663465,
        "166.0": 0.00024605233207586547,
        "167.0": 0.00020464469253391536,
        "168.0": 0.00021709091944825876,
        "169.0": 0.00019901995537070248,
        "170.0": 0.00016156159936888054,
        "171.0": 0.0001737684757656404,
        "172.0": 0.00014875634667816187,
        "173.0": 0.0001473202435726607,
        "174.0": 0.00013343791355281616,
        "175.0": 0.00011345214533459168,
        "176.0": 0.00010100591842024829,
        "177.0": 8.772196469436256e-05,
        "178.0": 8.784163995315431e-05,
        "179.0": 7.276255734539213e-05,
        "180.0": 7.001002639318157e-05,
        "181.0": 5.349484067991823e-05,
        "182.0": 4.83488045518724e-05,
        "183.0": 4.882750558703946e-05,
        "184.0": 4.009121169524073e-05,
        "185.0": 3.1354917803442e-05,
        "186.0": 2.6448232192979706e-05,
        "187.0": 2.6328556934187942e-05,
        "188.0": 1.69938867484304e-05,
        "189.0": 1.4600381572595131e-05,
        "190.0": 1.065109803246694e-05,
        "191.0": 9.21499492696578e-06,
        "192.0": 6.4624639747552226e-06,
        "193.0": 4.906685610462298e-06,
        "194.0": 2.513180434627031e-06,
        "195.0": 2.0344793994599775e-06,
        "196.0": 1.1967525879176338e-06,
        "197.0": 1.1967525879176339e-07,
        "-3.0": 0.005071598117077348,
        "-198.0": 1.1967525879176339e-07,
        "-197.0": 1.0770773291258704e-06,