{
    "radius": 0.2,
    "ball_number": 2,
    "first_quarter_probability": 0.8891367955821659,
    "x_velocity_distribution": {
        "0.0": 0.010035635528678928,
        "1.0": 0.00990065246550117,
        "2.0": 0.009805324713706735,
        "3.0": 0.009993913490969439,
        "4.0": 0.009812041574266777,
        "5.0": 0.009875980919982557,
        "6.0": 0.009965237663193878,
        "7.0": 0.009863580562025557,
        "8.0": 0.009920932217576681,
        "9.0": 0.00987107244495791,
        "10.0": 0.0097099969619123,
        "11.0": 0.009747327206178685,
        "12.0": 0.00969087974339526,
        "13.0": 0.009595810332391595,
        "14.0": 0.009710513643493842,
        "15.0": 0.009477231909427786,
        "16.0": 0.009394950367567278,
        "17.0": 0.009365370347024017,
        "18.0": 0.009393271152427267,
        "19.0": 0.009203778182396866,
        "20.0": 0.009330752681060726,
        "21.0": 0.009092304131179254,
        "22.0": 0.008902552820358081,
        "23.0": 0.008848042913505437,
        "24.0": 0.008777645048020387,
        "25.0": 0.008791078769140469,
        "26.0": 0.00854152156525585,
        "27.0": 0.008478615582703153,
        "28.0": 0.008341436622803846,
        "29.0": 0.008146260155376485,
        "30.0": 0.0082373252841232,
        "31.0": 0.007984022138772405,
        "32.0": 0.007781741299598848,
        "33.0": 0.00763836216072104,
        "34.0": 0.007534250822040396,
        "35.0": 0.007445252419619846,
        "36.0": 0.007233671311978539,
        "37.0": 0.007040949082063502,
        "38.0": 0.006804308917717425,
        "39.0": 0.006822521943466768,
        "40.0": 0.0065596601888574515,
        "41.0": 0.00647944537332311,
        "42.0": 0.006318240719882114,
        "43.0": 0.006153548465765712,
        "44.0": 0.0059521718193598526,
        "45.0": 0.005819384652903647,
        "46.0": 0.005554456171968164,
        "47.0": 0.0054268358213273755,
        "48.0": 0.005280356592960317,
        "49.0": 0.0051107558638192685,
        "50.0": 0.00489103702126868,
        "51.0": 0.004817409895898995,
        "52.0": 0.004644838247664083,
        "53.0": 0.004418919226134995,
        "54.0": 0.004323978985526716,
        "55.0": 0.004040966649237275,
        "56.0": 0.0038574155173946023,
        "57.0": 0.0036920774113012728,
        "58.0": 0.0035763407370359426,
        "59.0": 0.0034413576738581853,
        "60.0": 0.003276019567764856,
        "61.0": 0.003080326418755955,
        "62.0": 0.003051004739003466,
        "63.0": 0.0028405861649206275,
        "64.0": 0.002676152251594996,
        "65.0": 0.002508618248780115,
        "66.0": 0.0023551638190622438,
        "67.0": 0.002202742752507456,
        "68.0": 0.0020768016170066776,
        "69.0": 0.0019568023196936284,
        "70.0": 0.0017882349537156638,
        "71.0": 0.001671981597868792,
        "72.0": 0.001571745371049711,
        "73.0": 0.0014384415230119642,
        "74.0": 0.0013335551619590086,
        "75.0": 0.0012058056409228347,
        "76.0": 0.001134374412274701,
        "77.0": 0.0010040414833308187,
        "78.0": 0.000904451108488665,
        "79.0": 0.0008180361139758234,
        "80.0": 0.0007112121969920865,
        "81.0": 0.000635130834110078,
        "82.0": 0.0005540118258080384,
        "83.0": 0.00047160111355214456,
        "84.0": 0.00042367889686415616,
        "85.0": 0.00036903981961612626,
        "86.0": 0.0003116881640650027,
        "87.0": 0.00024826549993076466,
        "88.0": 0.0002102894036874531,
        "89.0": 0.00014376665006396517,
        "90.0": 0.00013588725594545497,
        "91.0": 9.68777965390601e-05,
        "92.0": 7.543551090508146e-05,
        "93.0": 4.818055747875922e-05,
        "94.0": 3.500517714944705e-05,
        "95.0": 2.1054774447822395e-05,
        "96.0": 7.750223723124807e-06,
        "97.0": 3.35843028002075e-06,
        "98.0": 1.2917039538541346e-06,
        "-37.0": 0.0071896242071521135,
        "-99.0": 1.0333631630833076e-06,
        "-98.0": 3.2292598846353364e-06,
        "-97.0": 8.008564513895634e-06,
        "-96.0": 2.092560405243698e-05,
        "-95.0": 3.6426051498686595e-05,
        "-94.0": 4.921392064184253e-05,
        "-93.0": 7.685638525432101e-05,
        "-92.0": 9.894452286522671e-05,
        "-91.0": 0.00013110795131619467,
        "-90.0": 0.00014945014746092338,
        "-89.0": 0.0002102894036874531,
        "-88.0": 0.0002593741539339102,
        "-87.0": 0.00031039646011114856,
        "-86.0": 0.00037756506571156353,
        "-85.0": 0.0004244539192364686,
        "-84.0": 0.00047754295173987356,
        "-83.0": 0.0005665413541604235,
        "-82.0": 0.0006344849821331509,
        "-81.0": 0.0007267126444383362,
        "-80.0": 0.0008004689402034072,
        "-79.0": 0.0009035469157209671,
        "-78.0": 0.001008174935983152,
        "-77.0": 0.0011457414070686173,
        "-76.0": 0.0012080015376443867,
        "-75.0": 0.001333038480377467,
        "-74.0": 0.0014381831822211934,
        "-73.0": 0.0015741996085620337,
        "-72.0": 0.0016825735702903958,
        "-71.0": 0.0017996019485095804,
        "-70.0": 0.0019139177484256713,
        "-69.0": 0.0020917853828713857,
        "-68.0": 0.0021958967215520288,
        "-67.0": 0.002326487991286682,
        "-66.0": 0.00249466784607849,
        "-65.0": 0.0026721479693380483,
        "-64.0": 0.0028662910736023247,
        "-63.0": 0.0030605633482619866,
        "-62.0": 0.0030774846700574758,
        "-61.0": 0.0032274514990999407,
        "-60.0": 0.0034438119113705083,
        "-59.0": 0.0035609694599850784,
        "-58.0": 0.003735866175336928,
        "-57.0": 0.0038694283641654455,
        "-56.0": 0.004057112948660451,
        "-55.0": 0.004323978985526716,
        "-54.0": 0.0043864974568932555,
        "-53.0": 0.004652330130596437,
        "-52.0": 0.004744557792901622,
        "-51.0": 0.004927592243162753,
        "-50.0": 0.005161648999601122,
        "-49.0": 0.005229980138760006,
        "-48.0": 0.005475533060387677,
        "-47.0": 0.005603153411028465,
        "-46.0": 0.005840568597746855,
        "-45.0": 0.005909933100068822,
        "-44.0": 0.006158715281581129,
        "-43.0": 0.006207154179850658,
        "-42.0": 0.006468724230506121,
        "-41.0": 0.006536926199269619,
        "-40.0": 0.0067611660056586965,
        "-39.0": 0.0068580438021977564,
        "-38.0": 0.007146739635884156,
        "-8.0": 0.009936949346604471,
        "-36.0": 0.007393196750279525,
        "-35.0": 0.007564735035351354,
        "-34.0": 0.007751386256683276,
        "-33.0": 0.007753969664590984,
        "-32.0": 0.007942170930667533,
        "-31.0": 0.008230091741981619,
        "-30.0": 0.008204128492509151,
        "-29.0": 0.008290026805440451,
        "-28.0": 0.008438314419342905,
        "-27.0": 0.008622511403162504,
        "-26.0": 0.008675471265270525,
        "-25.0": 0.00871473906546769,
        "-24.0": 0.00891973248294434,
        "-23.0": 0.008882402238677957,
        "-22.0": 0.00914138888142571,
        "-21.0": 0.009299493445377456,
        "-20.0": 0.009207653294258428,
        "-19.0": 0.009344315572576195,
        "-18.0": 0.009249633672758687,
        "-17.0": 0.009437318257253692,
        "-16.0": 0.00951934145832343,
        "-15.0": 0.00956442192631294,
        "-14.0": 0.009733376803477061,
        "-13.0": 0.00973621855217554,
        "-12.0": 0.00975507742990181,
        "-11.0": 0.009716067970495415,
        "-10.0": 0.009971308671776992,
        "-9.0": 0.009831546303969974,
        "-1.0": 0.00986745567388712,
        "-7.0": 0.009994688513341753,
        "-6.0": 0.009925840692601327,
        "-5.0": 0.009990555060689419,
        "-4.0": 0.009980738110640127,
        "-3.0": 0.009843042469159277,
        "-2.0": 0.01007412830650378
    }
}