{
    "radius": 0.16,
    "ball_number": 2,
    "first_quarter_probability": 0.25168969005813685,
    "x_velocity_distribution": {
        "0.0": 0.004954561376185306,
        "1.0": 0.005080948435848133,
        "2.0": 0.005065032155013729,
        "3.0": 0.004914122233028263,
        "4.0": 0.005055482386513086,
        "5.0": 0.004923436204775804,
        "6.0": 0.004866727085654703,
        "7.0": 0.004914240131404814,
        "8.0": 0.0049605741933894144,
        "9.0": 0.004988044515125831,
        "10.0": 0.004928387936590952,
        "11.0": 0.00512586771731412,
        "12.0": 0.004908934704460013,
        "13.0": 0.004871678817469851,
        "14.0": 0.005048172687166915,
        "15.0": 0.004862482744098862,
        "16.0": 0.004929802717109566,
        "17.0": 0.004880167500581534,
        "18.0": 0.004927326851201992,
        "19.0": 0.004861067963580248,
        "20.0": 0.004881582281100147,
        "21.0": 0.004948666457357749,
        "22.0": 0.0048920752366132,
        "23.0": 0.004889245675575972,
        "24.0": 0.004826052145744559,
        "25.0": 0.004871207223963647,
        "26.0": 0.004810843255169461,
        "27.0": 0.004828645910028684,
        "28.0": 0.004811079051922563,
        "29.0": 0.0047283143915836595,
        "30.0": 0.0048368987963872635,
        "31.0": 0.004824283670096291,
        "32.0": 0.0046482613939054325,
        "33.0": 0.004774176860062054,
        "34.0": 0.004752601457153195,
        "35.0": 0.004685517280895593,
        "36.0": 0.004641541186442017,
        "37.0": 0.004567147310838245,
        "38.0": 0.004619612088403504,
        "39.0": 0.004619729986780055,
        "40.0": 0.004636471556250317,
        "41.0": 0.004601455738414628,
        "42.0": 0.0045070191387971605,
        "43.0": 0.004555475371559681,
        "44.0": 0.004524821793656384,
        "45.0": 0.004458680804411192,
        "46.0": 0.004427437734625138,
        "47.0": 0.004469999048560101,
        "48.0": 0.004400439006394926,
        "49.0": 0.004423547088198951,
        "50.0": 0.004382164758029499,
        "51.0": 0.004399613717759068,
        "52.0": 0.004283248020103088,
        "53.0": 0.004311779427228465,
        "54.0": 0.004199186477622122,
        "55.0": 0.004146957496809964,
        "56.0": 0.0042358528727295276,
        "57.0": 0.004222884051308902,
        "58.0": 0.004080109117305466,
        "59.0": 0.004167825509459517,
        "60.0": 0.004076690064385482,
        "61.0": 0.003963861318026037,
        "62.0": 0.004047451267000799,
        "63.0": 0.003979895497236993,
        "64.0": 0.00397034572873635,
        "65.0": 0.003893829682354657,
        "66.0": 0.0038274528963563622,
        "67.0": 0.0038038732210461334,
        "68.0": 0.0037956203346875533,
        "69.0": 0.0037655562486670117,
        "70.0": 0.0036728881246978116,
        "71.0": 0.003631387896151809,
        "72.0": 0.0036231350097932287,
        "73.0": 0.003586114919556169,
        "74.0": 0.0035186770481689146,
        "75.0": 0.0035332964468612563,
        "76.0": 0.0035022891738283055,
        "77.0": 0.003390639411234371,
        "78.0": 0.003411507423883924,
        "79.0": 0.0032932553522031257,
        "80.0": 0.003358806849565562,
        "81.0": 0.003261658587287419,
        "82.0": 0.0032525804122929807,
        "83.0": 0.003229943923995161,
        "84.0": 0.0031613270688423947,
        "85.0": 0.0031201805354260453,
        "86.0": 0.00309801564063443,
        "87.0": 0.0030112424354927876,
        "88.0": 0.0030858721078496623,
        "89.0": 0.002958070267668221,
        "90.0": 0.002883440595311347,
        "91.0": 0.002928477775153884,
        "92.0": 0.0028472457937101453,
        "93.0": 0.0028026802073738127,
        "94.0": 0.0027612978772043606,
        "95.0": 0.002712723746065289,
        "96.0": 0.0026733456882972067,
        "97.0": 0.0026617916473951945,
        "98.0": 0.002601191881847906,
        "99.0": 0.0024794028588705735,
        "100.0": 0.002515715558848326,
        "101.0": 0.0024686741066044194,
        "102.0": 0.0024254054024101493,
        "103.0": 0.0023914506699634196,
        "104.0": 0.0023240127985761647,
        "105.0": 0.002238536475576585,
        "106.0": 0.0021999837064443604,
        "107.0": 0.0022041101496236507,
        "108.0": 0.0021682690431521026,
        "109.0": 0.0020694702036022435,
        "110.0": 0.0020052155883818696,
        "111.0": 0.002009695726690813,
        "112.0": 0.001995665819881227,
        "113.0": 0.0019440263309518254,
        "114.0": 0.0018787106303424913,
        "115.0": 0.0018749378822928546,
        "116.0": 0.001807735807658702,
        "117.0": 0.0017964175635097922,
        "118.0": 0.0016987977077254444,
        "119.0": 0.0017208447041405085,
        "120.0": 0.0016327746168568033,
        "121.0": 0.0016459792350305316,
        "122.0": 0.001583728892211527,
        "123.0": 0.0015572017574875196,
        "124.0": 0.0015109855938794708,
        "125.0": 0.0014510932185914894,
        "126.0": 0.0014776203533154969,
        "127.0": 0.0014235049984785213,
        "128.0": 0.001333548537169998,
        "129.0": 0.0012848565076543752,
        "130.0": 0.0012745993488944257,
        "131.0": 0.0012295621690518884,
        "132.0": 0.0011914809934258687,
        "133.0": 0.0011513955453984794,
        "134.0": 0.0011370119434592398,
        "135.0": 0.0010610853889603026,
        "136.0": 0.001047527075656921,
        "137.0": 0.0009732510984296998,
        "138.0": 0.0009805607977758707,
        "139.0": 0.0009282139185871625,
        "140.0": 0.0009117081458700022,
        "141.0": 0.0008940233893873305,
        "142.0": 0.0008690289335584878,
        "143.0": 0.0008496935998041,
        "144.0": 0.0007892117326333628,
        "145.0": 0.000780369354392027,
        "146.0": 0.0007115167024861585,
        "147.0": 0.0006974867956765722,
        "148.0": 0.0006779156651690822,
        "149.0": 0.0006320531966906869,
        "150.0": 0.000603639687941861,
        "151.0": 0.0005681522765999664,
        "152.0": 0.0005700386506247848,
        "153.0": 0.0005292458123380886,
        "154.0": 0.0005076704094292292,
        "155.0": 0.00047430516886525523,
        "156.0": 0.00043905355427646296,
        "157.0": 0.0004375208753812981,
        "158.0": 0.000422783578312405,
        "159.0": 0.0003648954754257929,
        "160.0": 0.00037267676827816847,
        "161.0": 0.00035487411341894565,
        "162.0": 0.0003192688037004999,
        "163.0": 0.0002986365878040496,
        "164.0": 0.0002936848559889015,
        "165.0": 0.0002693977904193657,
        "166.0": 0.0002538352047146146,
        "167.0": 0.0002372115336209032,
        "168.0": 0.0002148108420761857,
        "169.0": 0.00019971984987763916,
        "170.0": 0.00017048105249295526,
        "171.0": 0.00017437169891914306,
        "172.0": 0.0001542110765288973,
        "173.0": 0.0001320461817372821,
        "174.0": 0.00012980611258281034,
        "175.0": 0.0001265049580393783,
        "176.0": 0.00010917389668636002,
        "177.0": 9.620507526573409e-05,
        "178.0": 8.453313598717077e-05,
        "179.0": 7.180011131964714e-05,
        "180.0": 7.14464161899937e-05,
        "181.0": 5.989237528798152e-05,
        "182.0": 5.659122074454947e-05,
        "183.0": 4.916362302182735e-05,
        "184.0": 3.407263082328083e-05,
        "185.0": 3.419052919983197e-05,
        "186.0": 2.8295610372274736e-05,
        "187.0": 2.1103809402654907e-05,
        "188.0": 1.9806927260592314e-05,
        "189.0": 1.2850923044074775e-05,
        "190.0": 1.2025634408216762e-05,
        "191.0": 7.663394475824408e-06,
        "192.0": 6.6023090868641045e-06,
        "193.0": 2.7116626606763286e-06,
        "194.0": 1.6505772717160261e-06,
        "195.0": 7.073902593068684e-07,
        "196.0": 1.1789837655114473e-06,
        "197.0": 3.536951296534342e-07,
        "-198.0": 7.073902593068684e-07,
        "-197.0": 1.1789837655114473e-06,
        "-196.0": 4.715935062045789e-07,