{
    "radius": 0.22,
    "ball_number": 2,
    "first_quarter_probability": 0.0,
    "x_velocity_distribution": {
        "0.0": 0.004920695499837335,
        "1.0": 0.004984653157770811,
        "2.0": 0.004981807266668384,
        "3.0": 0.0051044801515571815,
        "4.0": 0.004902571667027146,
        "5.0": 0.004895831398626663,
        "6.0": 0.004920995067321801,
        "7.0": 0.00494570938479024,
        "8.0": 0.004912157826530056,
        "9.0": 0.004851495410925706,
        "10.0": 0.004950502464541695,
        "11.0": 0.005085607400035828,
        "12.0": 0.0050255441194004095,
        "13.0": 0.004968176946125185,
        "14.0": 0.004939568251358688,
        "15.0": 0.004845354277494154,
        "16.0": 0.0049184487437038404,
        "17.0": 0.004944660898594609,
        "18.0": 0.004981957050410617,
        "19.0": 0.004832323091919886,
        "20.0": 0.0048510460596990065,
        "21.0": 0.004813450340398533,
        "22.0": 0.004963533650115963,
        "23.0": 0.0049153032851169485,
        "24.0": 0.004825133472292704,
        "25.0": 0.004858535246810655,
        "26.0": 0.004865125731468905,
        "27.0": 0.004778550728458252,
        "28.0": 0.004945859168532473,
        "29.0": 0.00485119584344124,
        "30.0": 0.004800119587339799,
        "31.0": 0.00474814462878496,
        "32.0": 0.004654230222404892,
        "33.0": 0.004758180139514569,
        "34.0": 0.004687332429438377,
        "35.0": 0.004697817291394684,
        "36.0": 0.004641049253088391,
        "37.0": 0.004690178320540803,
        "38.0": 0.0045976119678408315,
        "39.0": 0.004629216337451987,
        "40.0": 0.004610643153415099,
        "41.0": 0.004512984153479207,
        "42.0": 0.004544738306832595,
        "43.0": 0.0045564214387267665,
        "44.0": 0.004438691417331657,
        "45.0": 0.004536649984752015,
        "46.0": 0.004478234325281159,
        "47.0": 0.004500851670358337,
        "48.0": 0.004462057681119999,
        "49.0": 0.004377879217985073,
        "50.0": 0.004332344960346252,
        "51.0": 0.004401095698031182,
        "52.0": 0.004280819353018112,
        "53.0": 0.00427512757081326,
        "54.0": 0.004262395952723458,
        "55.0": 0.004288458323871994,
        "56.0": 0.004116656371530784,
        "57.0": 0.0042304920156278365,
        "58.0": 0.004163688466591935,
        "59.0": 0.004088796595475452,
        "60.0": 0.00406288400806915,
        "61.0": 0.004132533448207478,
        "62.0": 0.003943057014282779,
        "63.0": 0.0039640267381953935,
        "64.0": 0.003895276000510463,
        "65.0": 0.003962678684515297,
        "66.0": 0.0038140932122201964,
        "67.0": 0.003841503637048829,
        "68.0": 0.003706698269039161,
        "69.0": 0.0037693078732925402,
        "70.0": 0.0037222757782313896,
        "71.0": 0.0036527761218352944,
        "72.0": 0.0036520272031241295,
        "73.0": 0.0035867214915105573,
        "74.0": 0.0035549673381571685,
        "75.0": 0.003558861715455226,
        "76.0": 0.0035137768090431035,
        "77.0": 0.0035277066970707694,
        "78.0": 0.003408179270768864,
        "79.0": 0.003387808681825181,
        "80.0": 0.0033689359303038274,
        "81.0": 0.003304528921143653,
        "82.0": 0.003237126237138819,
        "83.0": 0.003224095051564551,
        "84.0": 0.003158040421239814,
        "85.0": 0.0032107642985058174,
        "86.0": 0.00311085854243643,
        "87.0": 0.0030271294305282033,
        "88.0": 0.0030436056421738293,
        "89.0": 0.003004062734224327,
        "90.0": 0.002958079125358807,
        "91.0": 0.0028598209904539826,
        "92.0": 0.002836904077892339,
        "93.0": 0.0027909204690268192,
        "94.0": 0.0026848735795258804,
        "95.0": 0.0026394891056292923,
        "96.0": 0.0026556657497904526,
        "97.0": 0.002661357531995305,
        "98.0": 0.0025644474507705776,
        "99.0": 0.0024973443342502094,
        "100.0": 0.0025015382790327324,
        "101.0": 0.0023974385781808227,
        "102.0": 0.0023895000398424754,
        "103.0": 0.002345164052141518,
        "104.0": 0.0023957909570162597,
        "105.0": 0.002269822829798337,
        "106.0": 0.002269673046056104,
        "107.0": 0.00220781236051389,
        "108.0": 0.0021594322117726426,
        "109.0": 0.0021100035768357645,
        "110.0": 0.0020083004158595818,
        "111.0": 0.001977594748701824,
        "112.0": 0.002008000848375116,
        "113.0": 0.0018926673668557337,
        "114.0": 0.0019070466061100982,
        "115.0": 0.0018525253239372993,
        "116.0": 0.0018167270095436209,
        "117.0": 0.0017756862641717887,
        "118.0": 0.0017445312457873322,
        "119.0": 0.0017004948255708407,
        "120.0": 0.0016480705157893034,
        "121.0": 0.0016675424022795887,
        "122.0": 0.0015851613440514584,
        "123.0": 0.0015589491891606897,
        "124.0": 0.0015212036861179828,
        "125.0": 0.0014759689959636278,
        "126.0": 0.0014135091754524816,
        "127.0": 0.0013435601678296876,
        "128.0": 0.0013097090420850375,
        "129.0": 0.0012888891019146556,
        "130.0": 0.0012903869393369853,
        "131.0": 0.0012556371111389377,
        "132.0": 0.00121279896086031,
        "133.0": 0.0011358101173525664,
        "134.0": 0.0011536343826782892,
        "135.0": 0.0011197832569336391,
        "136.0": 0.0010435433321370606,
        "137.0": 0.001011938962525905,
        "138.0": 0.0009602635714555325,
        "139.0": 0.0009467830346545658,
        "140.0": 0.0009061916405094325,
        "141.0": 0.0008865699702769142,
        "142.0": 0.0008317491206196494,
        "143.0": 0.0008263569058992626,
        "144.0": 0.0007850165930429646,
        "145.0": 0.0007426277939910357,
        "146.0": 0.0007048822909483288,
        "147.0": 0.0006776216498619293,
        "148.0": 0.0006722294351415427,
        "149.0": 0.0006115670195371922,
        "150.0": 0.0006054258861056407,
        "151.0": 0.0005586933585289558,
        "152.0": 0.0005533011438085692,
        "153.0": 0.0005158552082503282,
        "154.0": 0.0005014759689959636,
        "155.0": 0.00046852354570471155,
        "156.0": 0.0004424611745561758,
        "157.0": 0.000445756416885301,
        "158.0": 0.00039722648440182067,
        "159.0": 0.0003651727635639663,
        "160.0": 0.0003774550304270694,
        "161.0": 0.00034300476971348766,
        "162.0": 0.0003191891546984464,
        "163.0": 0.000295673107167871,
        "164.0": 0.000287584785087291,
        "165.0": 0.00026691462865914193,
        "166.0": 0.00025358387560040814,
        "167.0": 0.0002257240995450768,
        "168.0": 0.00020520372685916074,
        "169.0": 0.00020011107962323996,
        "170.0": 0.00017464784344363608,
        "171.0": 0.00016715865633198788,
        "172.0": 0.00014888503977956627,
        "173.0": 0.00013735169162762802,
        "174.0": 0.0001216243986931668,
        "175.0": 0.00011548326526161528,
        "176.0": 9.750921619365959e-05,
        "177.0": 9.106851527764215e-05,
        "178.0": 6.920008891162939e-05,
        "179.0": 6.425722541794157e-05,
        "180.0": 5.736717327522523e-05,
        "181.0": 6.171090179998118e-05,
        "182.0": 4.044161040290029e-05,
        "183.0": 4.6732527576684785e-05,
        "184.0": 3.744593555824101e-05,
        "185.0": 2.696107360193353e-05,
        "186.0": 2.6062371148535745e-05,
        "187.0": 1.9771453974751255e-05,
        "188.0": 1.512815796552937e-05,
        "189.0": 1.587707667669419e-05,
        "190.0": 1.3630320543199729e-05,
        "191.0": 8.687457049511915e-06,
        "192.0": 5.54199846261967e-06,
        "193.0": 5.392214720386706e-06,
        "194.0": 4.493512266988922e-06,
        "195.0": 1.1982699378637124e-06,
        "196.0": 1.1982699378637124e-06,
        "197.0": 1.4978374223296405e-07,
        "198.0": 1.4978374223296405e-07,
        "199.0": 2.995674844659281e-07,
        "-200.0": 2.995674844659281e-07,