{
    "radius": 0.23,
    "ball_number": 2,
    "first_quarter_probability": 0.0,
    "x_velocity_distribution": {
        "0.0": 0.010084338809404472,
        "1.0": 0.010192074790640845,
        "2.0": 0.010208746082246473,
        "3.0": 0.009966564200964713,
        "4.0": 0.010117502131415669,
        "5.0": 0.010039882031789463,
        "6.0": 0.01002446556858426,
        "7.0": 0.010064082293797634,
        "8.0": 0.010175582760235276,
        "9.0": 0.009852374816526161,
        "10.0": 0.010020342560982868,
        "11.0": 0.009814909225713514,
        "12.0": 0.009734600208086402,
        "13.0": 0.00968978490807127,
        "14.0": 0.009646582958856686,
        "15.0": 0.009562330194828243,
        "16.0": 0.009595672778039499,
        "17.0": 0.009345782665155136,
        "18.0": 0.009294334700737768,
        "19.0": 0.00917082373389607,
        "20.0": 0.009290570215536496,
        "21.0": 0.00917064447269601,
        "22.0": 0.00905358690905649,
        "23.0": 0.008926669979413644,
        "24.0": 0.008767665294959964,
        "25.0": 0.008521539667276872,
        "26.0": 0.008632143827714212,
        "27.0": 0.008336900631214538,
        "28.0": 0.008407350282838321,
        "29.0": 0.00814742154275057,
        "30.0": 0.008051696061918252,
        "31.0": 0.007874048212658278,
        "32.0": 0.007696221102198244,
        "33.0": 0.007558907022951887,
        "34.0": 0.007500288610532097,
        "35.0": 0.007189987473227339,
        "36.0": 0.007112546634801196,
        "37.0": 0.007010009228366579,
        "38.0": 0.006738787032675014,
        "39.0": 0.0065917928486253895,
        "40.0": 0.006505926733796401,
        "41.0": 0.006438703783773706,
        "42.0": 0.006227713351302476,
        "43.0": 0.005997004186824589,
        "44.0": 0.0059330079384029835,
        "45.0": 0.005744962939539499,
        "46.0": 0.005659634608310693,
        "47.0": 0.005455456101441762,
        "48.0": 0.005231917384966295,
        "49.0": 0.005024512176496275,
        "50.0": 0.004975394607679693,
        "51.0": 0.004819258102426982,
        "52.0": 0.004613824767157627,
        "53.0": 0.0044037306406867,
        "54.0": 0.004186645327413412,
        "55.0": 0.004078192301376798,
        "56.0": 0.0038998274073165817,
        "57.0": 0.0037614377608698613,
        "58.0": 0.0035434561415962707,
        "59.0": 0.0034534670191658907,
        "60.0": 0.0032561004378992594,
        "61.0": 0.0030495915354295422,
        "62.0": 0.002983802675007332,
        "63.0": 0.0027690477573348304,
        "64.0": 0.0026048444980793957,
        "65.0": 0.002479540919237093,
        "66.0": 0.00232304589158426,
        "67.0": 0.002203120148743773,
        "68.0": 0.002087138152304618,
        "69.0": 0.0019390684010546296,
        "70.0": 0.0018155574342129323,
        "71.0": 0.0016864893701693587,
        "72.0": 0.0015445144997214282,
        "73.0": 0.0014785463780991573,
        "74.0": 0.0013310144104493504,
        "75.0": 0.0012143153692099529,
        "76.0": 0.0010870399171669847,
        "77.0": 0.0009922107423349703,
        "78.0": 0.0008957682167024114,
        "79.0": 0.0007849847950650109,
        "80.0": 0.0006591434326225268,
        "81.0": 0.0006211400582096969,
        "82.0": 0.0005444162645837949,
        "83.0": 0.00047665553096091893,
        "84.0": 0.0004060266181370746,
        "85.0": 0.00034059628011498533,
        "86.0": 0.00029936620410106604,
        "87.0": 0.0002441537544824263,
        "88.0": 0.00021332082807201712,
        "89.0": 0.0001591839456537405,
        "90.0": 0.00013874816884684138,
        "91.0": 9.984848843370885e-05,
        "92.0": 8.550759242886736e-05,
        "93.0": 5.5750233218821276e-05,
        "94.0": 3.137071001059075e-05,
        "95.0": 2.151134400726223e-05,
        "96.0": 1.1651978003933708e-05,
        "97.0": 5.736358401936595e-06,
        "98.0": 1.6133508005446673e-06,
        "-70.0": 0.001962013834662376,
        "-99.0": 1.7926120006051859e-06,
        "-98.0": 5.0193136016945205e-06,
        "-97.0": 1.0934933203691633e-05,
        "-96.0": 2.0794299207020154e-05,
        "-95.0": 3.3701105611377494e-05,
        "-94.0": 5.664653921912387e-05,
        "-93.0": 8.407350282838321e-05,
        "-92.0": 9.536695843219588e-05,
        "-91.0": 0.000144843049648899,
        "-90.0": 0.00015900468445367998,
        "-89.0": 0.000217085313273288,
        "-88.0": 0.00024845602328387877,
        "-87.0": 0.0002866386588967692,
        "-86.0": 0.0003434644593159536,
        "-85.0": 0.00041929194694155297,
        "-84.0": 0.00047504218016037426,
        "-83.0": 0.0005444162645837949,
        "-82.0": 0.0006139696102072761,
        "-81.0": 0.0006806547766297891,
        "-80.0": 0.0007674171974590801,
        "-79.0": 0.0008636804618915785,
        "-78.0": 0.0009977678395368464,
        "-77.0": 0.0010956444547698895,
        "-76.0": 0.0012130605408095293,
        "-15.0": 0.00972725049888392,
        "-74.0": 0.0014889435277026673,
        "-75.0": 0.0013299388432489873,
        "-72.0": 0.0016314561817507797,
        "-73.0": 0.0015314284321170102,
        "-71.0": 0.001833483554218984,
        "-69.0": 0.0020905441151057675,
        "-68.0": 0.002221225529949886,
        "-67.0": 0.0023061953387785716,
        "-66.0": 0.0025166479876496204,
        "-65.0": 0.002621695050885084,
        "-64.0": 0.0028240809457534097,
        "-63.0": 0.0029708958686029746,
        "-62.0": 0.003105521029848424,
        "-61.0": 0.0032586100947001066,
        "-60.0": 0.0034188696075542102,
        "-59.0": 0.003616056927620781,
        "-58.0": 0.003760182932469438,
        "-57.0": 0.0039017992805172475,
        "-56.0": 0.004051661643767841,
        "-55.0": 0.004151151609801429,
        "-54.0": 0.004390286050682161,
        "-53.0": 0.004600021654752967,
        "-52.0": 0.004832344170031399,
        "-51.0": 0.0050343715424996036,
        "-50.0": 0.005016624683693613,
        "-49.0": 0.0052609576993761,
        "-48.0": 0.005346286030604906,
        "-47.0": 0.005635972129902704,
        "-46.0": 0.005788164888754084,
        "-45.0": 0.005949499968808551,
        "-44.0": 0.006005967246827615,
        "-43.0": 0.006181463961686862,
        "-42.0": 0.006403389327361784,
        "-41.0": 0.0064793960761874445,
        "-40.0": 0.00663678740984058,
        "-39.0": 0.006779658586288813,
        "-38.0": 0.006887932351125366,
        "-37.0": 0.007064863155585098,
        "-36.0": 0.007306686514466737,
        "-35.0": 0.007408506876101112,
        "-34.0": 0.007587768076161631,
        "-33.0": 0.0077042878562009675,
        "-32.0": 0.007741932708213676,
        "-31.0": 0.008034307725512382,
        "-30.0": 0.008189368663564732,
        "-29.0": 0.008278461479994809,
        "-28.0": 0.008435673552447884,
        "-27.0": 0.008630888999313788,
        "-26.0": 0.008648456596919719,
        "-25.0": 0.008675525038128858,
        "-24.0": 0.008873967186595852,
        "-23.0": 0.009093741417870047,
        "-22.0": 0.009137122628284693,
        "-21.0": 0.00907061672306224,
        "-20.0": 0.009169210383095525,
        "-19.0": 0.009360482083560098,
        "-18.0": 0.009508910357210208,
        "-17.0": 0.009497975424006516,
        "-16.0": 0.009700540580074902,
        "-4.0": 0.010150844714626924,
        "-14.0": 0.009739260999287975,
        "-13.0": 0.009814550703313392,
        "-12.0": 0.009791246747305525,
        "-11.0": 0.009888944101338507,
        "-10.0": 0.010012096545780084,
        "-9.0": 0.010134352684221358,
        "-8.0": 0.00991762589334819,
        "-7.0": 0.009985745149371188,
        "-6.0": 0.010035041979387831,
        "-5.0": 0.010253561382261602,
        "-1.0": 0.01012789928101918,
        "-3.0": 0.010073224615000721,
        "-2.0": 0.009953657394560354
    }
}