{
    "radius": 0.14,
    "ball_number": 2,
    "first_quarter_probability": 0.2489835750238158,
    "x_velocity_distribution": {
        "0.0": 0.009887917597601908,
        "1.0": 0.009846498808843036,
        "2.0": 0.00978984422585406,
        "3.0": 0.01001352825669898,
        "4.0": 0.010073229998533977,
        "5.0": 0.009836567328159709,
        "6.0": 0.009833633027048726,
        "7.0": 0.00992324206866874,
        "8.0": 0.00982471726598074,
        "9.0": 0.009935317846317786,
        "10.0": 0.00976411266226544,
        "11.0": 0.009749328298975488,
        "12.0": 0.009703846631755254,
        "13.0": 0.009588844599751735,
        "14.0": 0.009726756751967928,
        "15.0": 0.00956243588975289,
        "16.0": 0.00947824401941469,
        "17.0": 0.009452399598091034,
        "18.0": 0.009367869154547721,
        "19.0": 0.009248578528612765,
        "20.0": 0.009250948541048559,
        "21.0": 0.009074777616654551,
        "22.0": 0.008941266916104832,
        "23.0": 0.008810351943460984,
        "24.0": 0.00876994887431745,
        "25.0": 0.008612738049409794,
        "26.0": 0.008594793669538784,
        "27.0": 0.008464330127835085,
        "28.0": 0.008296397818098837,
        "29.0": 0.008334769448011689,
        "30.0": 0.00808682100413364,
        "31.0": 0.00801493062691456,
        "32.0": 0.007728159122183508,
        "33.0": 0.007613157090179989,
        "34.0": 0.0075446524450120435,
        "35.0": 0.007484499272236896,
        "36.0": 0.007195696328275163,
        "37.0": 0.007135430297764977,
        "38.0": 0.0069074576729886185,
        "39.0": 0.0067827498757718485,
        "40.0": 0.006644612008085579,
        "41.0": 0.006501169826852535,
        "42.0": 0.006321048881732204,
        "43.0": 0.00618934390494309,
        "44.0": 0.005964418439012752,
        "45.0": 0.005773237435858717,
        "46.0": 0.005717598572485081,
        "47.0": 0.005464684388265369,
        "48.0": 0.0053123264459643375,
        "49.0": 0.005154777047851567,
        "50.0": 0.00499655050332857,
        "51.0": 0.004787876551243676,
        "52.0": 0.004539025245485323,
        "53.0": 0.004393551625021598,
        "54.0": 0.00422460359567001,
        "55.0": 0.0040485455290110405,
        "56.0": 0.003907473360213788,
        "57.0": 0.0037525196900068877,
        "58.0": 0.003535155692324083,
        "59.0": 0.0034376466092514227,
        "60.0": 0.0032953330053687555,
        "61.0": 0.003130447854478528,
        "62.0": 0.002977751338972383,
        "63.0": 0.002744474400649248,
        "64.0": 0.002683644081463873,
        "65.0": 0.002499347400147144,
        "66.0": 0.0023696738625887106,
        "67.0": 0.00222803740511627,
        "68.0": 0.0020522050539273757,
        "69.0": 0.0019716246311103857,
        "70.0": 0.0017889079580841857,
        "71.0": 0.0016744702147558554,
        "72.0": 0.001545248108137573,
        "73.0": 0.0014047402280155108,
        "74.0": 0.0013094882996436065,
        "75.0": 0.0011683032731113173,
        "76.0": 0.001098105761917805,
        "77.0": 0.0009720436718805811,
        "78.0": 0.000880177475559811,
        "79.0": 0.00080016134141801,
        "80.0": 0.000737186725266917,
        "81.0": 0.0006116889239048822,
        "82.0": 0.0005707215660861603,
        "83.0": 0.0004683596004068747,
        "84.0": 0.0004175736196398642,
        "85.0": 0.0003501975518222969,
        "86.0": 0.00028620721605586365,
        "87.0": 0.00024095126430570543,
        "88.0": 0.0001996453332818702,
        "89.0": 0.00015190651136088034,
        "90.0": 0.00012166063837074962,
        "91.0": 8.204757337248142e-05,
        "92.0": 7.064894213366352e-05,
        "93.0": 4.8077395126103285e-05,
        "94.0": 3.1148734870433115e-05,
        "95.0": 1.7492948930859174e-05,
        "96.0": 1.1624346708893518e-05,
        "97.0": 4.740024871587647e-06,
        "98.0": 1.0157196153402101e-06,
        "99.0": 2.2571547007560226e-07,
        "-37.0": 0.0072245879084448395,
        "-100.0": 1.1285773503780113e-07,
        "-99.0": 1.3542928204536136e-06,
        "-98.0": 4.175736196398642e-06,
        "-97.0": 1.0044338418364301e-05,
        "-96.0": 1.8057237606048183e-05,
        "-95.0": 3.4534466921567144e-05,
        "-94.0": 4.909311474144349e-05,
        "-93.0": 7.05360843986257e-05,
        "-92.0": 8.159614243233022e-05,
        "-91.0": 0.0001194034836699936,
        "-90.0": 0.00015529224341201436,
        "-89.0": 0.00020088676836728603,
        "-88.0": 0.0002471584397327845,
        "-87.0": 0.00029828299370490837,
        "-86.0": 0.00034929468994199453,
        "-85.0": 0.0004191536279303934,
        "-84.0": 0.0004820153863464486,
        "-83.0": 0.0005651915370693081,
        "-82.0": 0.0006218461200582843,
        "-81.0": 0.0007342524241559341,
        "-80.0": 0.0007966627516318382,
        "-79.0": 0.0008936075460293094,
        "-78.0": 0.0009667393583338046,
        "-77.0": 0.001066279880637145,
        "-76.0": 0.0011988877193065614,
        "-75.0": 0.0013195326380619709,
        "-74.0": 0.0014299075029289405,
        "-73.0": 0.0015813625833496696,
        "-72.0": 0.0017064089537715532,
        "-71.0": 0.0018087709194508387,
        "-70.0": 0.0019791860993579186,
        "-69.0": 0.0020410321381586333,
        "-68.0": 0.0022403388982353903,
        "-67.0": 0.0023872796692546074,
        "-66.0": 0.002483321601771776,
        "-65.0": 0.0026373724100983748,
        "-64.0": 0.002789956067869482,
        "-63.0": 0.002949424047477895,
        "-62.0": 0.003135526452555229,
        "-61.0": 0.0032866429597708446,
        "-60.0": 0.003457396712883038,
        "-59.0": 0.0035886502587320003,
        "-58.0": 0.0037464253723148463,
        "-57.0": 0.003918759133717569,
        "-56.0": 0.004062314172685651,
        "-55.0": 0.004238823670284773,
        "-54.0": 0.004427408945532938,
        "-53.0": 0.004602564150311606,
        "-52.0": 0.0048408068289764045,
        "-51.0": 0.004922402971408734,
        "-50.0": 0.0050823223819572985,
        "-49.0": 0.0053184207636563785,
        "-48.0": 0.005435792808095692,
        "-47.0": 0.0057140999826989095,
        "-46.0": 0.005771883143038264,
        "-45.0": 0.006050980321786746,
        "-44.0": 0.006227264103915791,
        "-43.0": 0.0062704886164352686,
        "-42.0": 0.006491915492579435,
        "-41.0": 0.006609400394753786,
        "-40.0": 0.006768191227951972,
        "-39.0": 0.0069542936330293055,
        "-38.0": 0.007085321463408193,
        "-8.0": 0.009971658036999956,
        "-36.0": 0.00735900147087486,
        "-35.0": 0.007513277994671535,
        "-34.0": 0.007581669782104442,
        "-33.0": 0.00776607932115621,
        "-32.0": 0.007925208727559509,
        "-31.0": 0.008034793588281214,
        "-30.0": 0.008304297859551482,
        "-29.0": 0.008390182595915249,
        "-28.0": 0.008431149953733971,
        "-27.0": 0.008597163681974577,
        "-26.0": 0.008702911379704997,
        "-25.0": 0.008835970649314564,
        "-24.0": 0.008864297940809052,
        "-23.0": 0.008896913826234977,
        "-22.0": 0.00908764339844886,
        "-21.0": 0.00922013837938324,
        "-20.0": 0.009213366915280971,
        "-19.0": 0.009493028382704643,
        "-18.0": 0.009387167827239185,
        "-17.0": 0.00940285505240944,
        "-16.0": 0.009561871601077701,
        "-15.0": 0.009559275873171832,
        "-14.0": 0.009676083628935956,
        "-13.0": 0.009740638253377579,
        "-12.0": 0.009726643894232891,
        "-11.0": 0.00987245608790173,
        "-10.0": 0.00991195629516496,
        "-9.0": 0.009782959904016753,
        "-1.0": 0.00978927993717887,
        "-7.0": 0.009940396444394485,
        "-6.0": 0.009946716477556603,
        "-5.0": 0.0099971638851185,
        "-4.0": 0.009921436344908136,
        "-3.0": 0.00984424165414228,
        "-2.0": 0.009844805942817468
    }
}