{
    "radius": 0.21,
    "ball_number": 2,
    "first_quarter_probability": 0.0,
    "x_velocity_distribution": {
        "0.0": 0.009979038284523028,
        "1.0": 0.009902024360159713,
        "2.0": 0.010045264797495027,
        "3.0": 0.009888369409031466,
        "4.0": 0.010137299168099412,
        "5.0": 0.009806849350795831,
        "6.0": 0.009798246731585036,
        "7.0": 0.009924828128543886,
        "8.0": 0.009998564864636421,
        "9.0": 0.00989410448850533,
        "10.0": 0.009871300720121158,
        "11.0": 0.00973666290199664,
        "12.0": 0.00985204723903033,
        "13.0": 0.009564473968269444,
        "14.0": 0.009580723360112058,
        "15.0": 0.009652002205001509,
        "16.0": 0.009407578579805884,
        "17.0": 0.009324966125479988,
        "18.0": 0.00941945838728746,
        "19.0": 0.009146222815211233,
        "20.0": 0.009327150917660508,
        "21.0": 0.009047634068065288,
        "22.0": 0.009125194190473732,
        "23.0": 0.00889961439783509,
        "24.0": 0.008842536702119016,
        "25.0": 0.00864549575733841,
        "26.0": 0.008589510457712597,
        "27.0": 0.008455691936655773,
        "28.0": 0.008272715591537262,
        "29.0": 0.008091650939576705,
        "30.0": 0.007968892928933763,
        "31.0": 0.00790689945081152,
        "32.0": 0.007879452999043744,
        "33.0": 0.007618097234449093,
        "34.0": 0.007560200241665325,
        "35.0": 0.007491515837490242,
        "36.0": 0.0071256996967645,
        "37.0": 0.00709087957138747,
        "38.0": 0.006917871340592578,
        "39.0": 0.0066925646469765,
        "40.0": 0.006639037238553772,
        "41.0": 0.006420558020501817,
        "42.0": 0.006198938163690365,
        "43.0": 0.006082597980077699,
        "44.0": 0.005939767191276234,
        "45.0": 0.005833531671498471,
        "46.0": 0.005629117053108611,
        "47.0": 0.005455426074757307,
        "48.0": 0.005289518418549104,
        "49.0": 0.005115554341175235,
        "50.0": 0.004948827387899337,
        "51.0": 0.00477991564244292,
        "52.0": 0.004607863258227006,
        "53.0": 0.00450258358502822,
        "54.0": 0.004259115806411573,
        "55.0": 0.004027527835276501,
        "56.0": 0.003854383054970327,
        "57.0": 0.0036920256860554683,
        "58.0": 0.003565990487141747,
        "59.0": 0.0033764597654816764,
        "60.0": 0.0031981261037467685,
        "61.0": 0.0030432789579524456,
        "62.0": 0.002933766249903903,
        "63.0": 0.002777280509974191,
        "64.0": 0.0026253009039168,
        "65.0": 0.0025354513254929336,
        "66.0": 0.0024440997024449598,
        "67.0": 0.002209097993527826,
        "68.0": 0.002072002284200225,
        "69.0": 0.001964128170287072,
        "70.0": 0.0018174739951696975,
        "71.0": 0.0016787396917067063,
        "72.0": 0.0015491542054996408,
        "73.0": 0.0014306292297064553,
        "74.0": 0.0013276708981994718,
        "75.0": 0.0012262146113165954,
        "76.0": 0.0011101475267264944,
        "77.0": 0.001023438587062125,
        "78.0": 0.000903001918110985,
        "79.0": 0.0008067345126568425,
        "80.0": 0.0007026837850595991,
        "81.0": 0.0006413730544937693,
        "82.0": 0.0005591702487017214,
        "83.0": 0.0004728709575711993,
        "84.0": 0.00041729530647923336,
        "85.0": 0.00037305326482371253,
        "86.0": 0.00030573435576145404,
        "87.0": 0.00026121921508336825,
        "88.0": 0.00023022247602224718,
        "89.0": 0.00016645385425333295,
        "90.0": 0.00012849309011680581,
        "91.0": 9.940804421363936e-05,
        "92.0": 7.646772631818412e-05,
        "93.0": 5.0523319174514506e-05,
        "94.0": 3.8643511692939474e-05,
        "95.0": 1.82976345118512e-05,
        "96.0": 1.3928050150812108e-05,
        "97.0": 4.096485338474149e-06,
        "98.0": 1.2289456015422448e-06,
        "-41.0": 0.006622105099154745,
        "-100.0": 1.3654951128247163e-07,
        "-99.0": 1.2289456015422448e-06,
        "-98.0": 4.369584361039092e-06,
        "-97.0": 1.3518401616964693e-05,
        "-96.0": 1.92534810908285e-05,
        "-95.0": 3.700491755754982e-05,
        "-94.0": 5.1206066730926866e-05,
        "-93.0": 7.646772631818412e-05,
        "-92.0": 0.00010104663834902901,
        "-91.0": 0.00012658139695885122,
        "-90.0": 0.00016672695327589788,
        "-89.0": 0.00022448739654838337,
        "-88.0": 0.0002661349974895372,
        "-87.0": 0.0003028668160245221,
        "-86.0": 0.00036144655636470243,
        "-85.0": 0.0004258979256900291,
        "-84.0": 0.0004723247595260694,
        "-83.0": 0.0005710500561832964,
        "-82.0": 0.0006286739499444994,
        "-81.0": 0.0007071899189319207,
        "-80.0": 0.0007930795615285954,
        "-79.0": 0.0009021826210432901,
        "-78.0": 0.001044603761310908,
        "-77.0": 0.0011117861208618841,
        "-76.0": 0.0012233470715796635,
        "-75.0": 0.001325759205041517,
        "-74.0": 0.0014082351098561301,
        "-73.0": 0.001548334908431946,
        "-72.0": 0.0016850209692257,
        "-71.0": 0.001808052078891207,
        "-70.0": 0.0019463767338203507,
        "-69.0": 0.002090026819689511,
        "-68.0": 0.002207322849881154,
        "-67.0": 0.002400403858834569,
        "-66.0": 0.002490389986769718,
        "-65.0": 0.0026225699136911505,
        "-64.0": 0.002814695076065588,
        "-63.0": 0.0029711808159953003,
        "-62.0": 0.003082468667690515,
        "-61.0": 0.003225436006003263,
        "-60.0": 0.003380146602286303,
        "-59.0": 0.003558753363043776,
        "-58.0": 0.003710732969101167,
        "-57.0": 0.003848511425985181,
        "-56.0": 0.004040909687382184,
        "-55.0": 0.004264577786862872,
        "-54.0": 0.0044441403941993226,
        "-53.0": 0.004621245110332688,
        "-52.0": 0.004731030917403795,
        "-51.0": 0.00496111684391476,
        "-50.0": 0.005100397345422881,
        "-49.0": 0.0052638471104279995,
        "-48.0": 0.005463072847389125,
        "-47.0": 0.005715006695705286,
        "-46.0": 0.005812093398227123,
        "-45.0": 0.005992202203608703,
        "-44.0": 0.006154286473500997,
        "-43.0": 0.006218874392337606,
        "-42.0": 0.006392428821177628,
        "-9.0": 0.0098327937579395,
        "-40.0": 0.00671687045998478,
        "-39.0": 0.006981366863338927,
        "-38.0": 0.007097160848906464,
        "-37.0": 0.007131025127704516,
        "-36.0": 0.007408357185119217,
        "-35.0": 0.007517323695122629,
        "-34.0": 0.007692107069564193,
        "-33.0": 0.007883959132916065,
        "-32.0": 0.007925333634834655,
        "-31.0": 0.007998114524348211,
        "-30.0": 0.008116093302096268,
        "-29.0": 0.008220007480182229,
        "-28.0": 0.008444358327219329,
        "-27.0": 0.008542537425831427,
        "-26.0": 0.008646178504894821,
        "-25.0": 0.008929655290317234,
        "-24.0": 0.008871212099488336,
        "-23.0": 0.009026195794793941,
        "-22.0": 0.009185549074460585,
        "-21.0": 0.009282772326493705,
        "-20.0": 0.009198930926566267,
        "-19.0": 0.009364975132285753,
        "-18.0": 0.009450182027326014,
        "-17.0": 0.009548088026915548,
        "-16.0": 0.009611856648684462,
        "-15.0": 0.009637118308271719,
        "-14.0": 0.009637801055828132,
        "-13.0": 0.009815315420495345,
        "-12.0": 0.009724919644026348,
        "-11.0": 0.00986870627940679,
        "-10.0": 0.009722188653800699,
        "-2.0": 0.0099675681255753,
        "-8.0": 0.009964564036327086,
        "-7.0": 0.009791555805532193,
        "-6.0": 0.009890281102189421,
        "-5.0": 0.00994162371843163,
        "-4.0": 0.010069707160014589,
        "-3.0": 0.010075715338511019,
        "-1.0": 0.009780631844629597
    }
}