{
    "radius": 0.21,
    "ball_number": 2,
    "first_quarter_probability": 0.0,
    "x_velocity_distribution": {
        "0.0": 0.0049601609973357825,
        "1.0": 0.005018877287187245,
        "2.0": 0.004920425089552583,
        "3.0": 0.00498159927060713,
        "4.0": 0.004969582913614273,
        "5.0": 0.005075681883880754,
        "6.0": 0.004931622149477746,
        "7.0": 0.004956747259553721,
        "8.0": 0.005128116896213223,
        "9.0": 0.00500918227188619,
        "10.0": 0.004855427522182126,
        "11.0": 0.004951421828613705,
        "12.0": 0.004964120933162974,
        "13.0": 0.004834125798422061,
        "14.0": 0.005032668787826775,
        "15.0": 0.004892159340717112,
        "16.0": 0.004982418567674825,
        "17.0": 0.005016146296961596,
        "18.0": 0.004879187137145277,
        "19.0": 0.005014917351360054,
        "20.0": 0.004900215761882778,
        "21.0": 0.00497108495823838,
        "22.0": 0.0048947537814314785,
        "23.0": 0.004841909120565162,
        "24.0": 0.004945550199628558,
        "25.0": 0.004906497039401771,
        "26.0": 0.004747826507291539,
        "27.0": 0.004816647460977905,
        "28.0": 0.00474454931902076,
        "29.0": 0.004836174041091298,
        "30.0": 0.004762710404021328,
        "31.0": 0.004889291800980179,
        "32.0": 0.00467327047413131,
        "33.0": 0.0047343081056745746,
        "34.0": 0.004738950789058179,
        "35.0": 0.00458601533642181,
        "36.0": 0.004713279480937074,
        "37.0": 0.0047061789063503855,
        "38.0": 0.004550922112022215,
        "39.0": 0.004595300703189018,
        "40.0": 0.004755336730412075,
        "41.0": 0.004571814187248433,
        "42.0": 0.00451582888762262,
        "43.0": 0.004531805180442669,
        "44.0": 0.004512142050817993,
        "45.0": 0.0046130521396557395,
        "46.0": 0.004487426589275866,
        "47.0": 0.004412187808559224,
        "48.0": 0.004464076622846563,
        "49.0": 0.004378460079272453,
        "50.0": 0.00433462768615078,
        "51.0": 0.004310868071187629,
        "52.0": 0.0042882008523147394,
        "53.0": 0.0043013096053978565,
        "54.0": 0.0042820561243070284,
        "55.0": 0.004173635812348746,
        "56.0": 0.004199034021447286,
        "57.0": 0.004073681570089977,
        "58.0": 0.004079689748586406,
        "59.0": 0.0040119611909903,
        "60.0": 0.003965534357154259,
        "61.0": 0.004003358571779503,
        "62.0": 0.003862439476135993,
        "63.0": 0.004044459974675528,
        "64.0": 0.00400868400271952,
        "65.0": 0.0038707689963242238,
        "66.0": 0.003790614433201413,
        "67.0": 0.0038274828012476803,
        "68.0": 0.0037713609521105845,
        "69.0": 0.003788839289554741,
        "70.0": 0.0037858352003065266,
        "71.0": 0.0037056806371837153,
        "72.0": 0.0035814205819166664,
        "73.0": 0.003544279114847834,
        "74.0": 0.0035722717646607407,
        "75.0": 0.0035186078067267292,
        "76.0": 0.0034545660859352503,
        "77.0": 0.0034633052546573285,
        "78.0": 0.0033593910765713675,
        "79.0": 0.003333173570405133,
        "80.0": 0.003335494912096935,
        "81.0": 0.0033035423264568364,
        "82.0": 0.0032792365134485567,
        "83.0": 0.0031413215070532604,
        "84.0": 0.0031445986953240394,
        "85.0": 0.003054339468366326,
        "86.0": 0.0030942119256608075,
        "87.0": 0.002988386054416892,
        "88.0": 0.003028941259267786,
        "89.0": 0.002910825932008448,
        "90.0": 0.0028559330284728944,
        "91.0": 0.0029775986430255765,
        "92.0": 0.0028678128359544697,
        "93.0": 0.0027613042171541415,
        "94.0": 0.0027380908002361216,
        "95.0": 0.0027173352745211857,
        "96.0": 0.0026713180892189927,
        "97.0": 0.002618200329330111,
        "98.0": 0.0025491062766211806,
        "99.0": 0.0025664480645540546,
        "100.0": 0.002519065384139037,
        "101.0": 0.0024297620037603005,
        "102.0": 0.0024383646229710963,
        "103.0": 0.0023415510194718238,
        "104.0": 0.002359302455938545,
        "105.0": 0.0022485608022884606,
        "106.0": 0.002270954922138786,
        "107.0": 0.002231628662889434,
        "108.0": 0.0021449197232250644,
        "109.0": 0.0021141960831865085,
        "110.0": 0.0020001772412656447,
        "111.0": 0.0020273505940108564,
        "112.0": 0.0019298542429551718,
        "113.0": 0.0019245288120151554,
        "114.0": 0.0018999498999843106,
        "115.0": 0.0017920757860711578,
        "116.0": 0.001767496874040313,
        "117.0": 0.001798493613101434,
        "118.0": 0.001688161607985197,
        "119.0": 0.0016882981574964794,
        "120.0": 0.0016097821885090581,
        "121.0": 0.0015883439152377101,
        "122.0": 0.001536455100950371,
        "123.0": 0.0015068238570020746,
        "124.0": 0.0014964460941446068,
        "125.0": 0.0014373201557592965,
        "126.0": 0.001404684822562786,
        "127.0": 0.001372595687411405,
        "128.0": 0.001321935818725608,
        "129.0": 0.001303365085191192,
        "130.0": 0.0012705932024833987,
        "131.0": 0.0012648581230095348,
        "132.0": 0.00121597339797041,
        "133.0": 0.00122812630447455,
        "134.0": 0.0011044124472526307,
        "135.0": 0.0011046855462751957,
        "136.0": 0.0010432382661980833,
        "137.0": 0.0010287640180021414,
        "138.0": 0.0009962652343169132,
        "139.0": 0.000967862935970159,
        "140.0": 0.0009281270281869598,
        "141.0": 0.0008893469669827379,
        "142.0": 0.0008599888220570065,
        "143.0": 0.0008187508696496999,
        "144.0": 0.0007878906800998614,
        "145.0": 0.0007612635253997794,
        "146.0": 0.0007261703010001842,
        "147.0": 0.0007044589287062712,
        "148.0": 0.000678651071073884,
        "149.0": 0.0006490198271255878,
        "150.0": 0.0006245774646060253,
        "151.0": 0.00060163714671057,
        "152.0": 0.0005471538917088639,
        "153.0": 0.0005629936350176306,
        "154.0": 0.0005418284607688475,
        "155.0": 0.0004816101262932775,
        "156.0": 0.0004608546005783418,
        "157.0": 0.0004421473175326432,
        "158.0": 0.00041101402896023966,
        "159.0": 0.0003957204836966028,
        "160.0": 0.00036185620489854987,
        "161.0": 0.00034082758016104923,
        "162.0": 0.0003329077085066659,
        "163.0": 0.00030846534598710345,
        "164.0": 0.0002893484144075574,
        "165.0": 0.000269821834294164,
        "166.0": 0.00023868854572176043,
        "167.0": 0.00023418241184943887,
        "168.0": 0.00022298535192427619,
        "169.0": 0.00019430995455495714,
        "170.0": 0.00018857487508109334,
        "171.0": 0.0001844783897426192,
        "172.0": 0.00016235736891485878,
        "173.0": 0.00014337698684659524,
        "174.0": 0.00013613986274862424,
        "175.0": 0.00012507935233474404,
        "176.0": 0.00011879807481575033,
        "177.0": 0.00011142440120649687,
        "178.0": 8.780133575462927e-05,
        "179.0": 7.865251849870367e-05,
        "180.0": 6.977680026534301e-05,
        "181.0": 5.871628985146281e-05,
        "182.0": 5.0386769663232034e-05,
        "183.0": 4.902127455040732e-05,
        "184.0": 4.560753676834553e-05,
        "185.0": 3.086018954983859e-05,
        "186.0": 2.7036803233929385e-05,
        "187.0": 2.348651594058512e-05,
        "188.0": 2.416926349699748e-05,
        "189.0": 1.4474248195941995e-05,
        "190.0": 1.0104663834902902e-05,
        "191.0": 8.192970676948298e-06,
        "192.0": 9.1488172559256e-06,
        "193.0": 4.779232894886507e-06,
        "194.0": 2.321341691802018e-06,
        "195.0": 1.7751436466721313e-06,
        "196.0": 8.192970676948299e-07,
        "197.0": 4.0964853384741495e-07,
        "-199.0": 1.3654951128247163e-07,
        "-198.0": 5.461980451298865e-07,
        "-197.0": 6.827475564123583e-07,